<?xml version="1.0" encoding="UTF-8"?>
<gpx version="1.1" creator="carnet-trek seed (OpenStreetMap, EU-DEM)" xmlns="http://www.topografix.com/GPX/1/1">
  <metadata>
    <name>GR10 – Barèges → Chalet-Hôtel de l&apos;Oule</name>
    <copyright author="OpenStreetMap contributors"><license>https://opendatacommons.org/licenses/odbl/</license></copyright>
  </metadata>
  <wpt lat="42.897120" lon="0.062747">
    <name>Barèges</name>
    <sym>Convenience Store</sym>
  </wpt>
  <wpt lat="42.857788" lon="0.140402">
    <name>Point culminant (2516 m)</name>
    <sym>Summit</sym>
  </wpt>
  <wpt lat="42.841330" lon="0.205116">
    <name>Cabane du Bastan</name>
    <sym>Lodging</sym>
  </wpt>
  <wpt lat="42.897378" lon="0.067199">
    <name>Gîte d&apos;Étape l&apos;Oasis</name>
    <sym>Lodging</sym>
  </wpt>
  <wpt lat="42.840091" lon="0.143396">
    <name>Abri hivernal du lac d&apos;Aubert</name>
    <sym>Lodging</sym>
  </wpt>
  <wpt lat="42.875719" lon="0.150080">
    <name>Refuge d&apos;Aygues-Cluses</name>
    <sym>Lodging</sym>
  </wpt>
  <wpt lat="42.831317" lon="0.232103">
    <name>Chalet-Hôtel de l&apos;Oule</name>
    <sym>Lodging</sym>
  </wpt>
  <trk>
    <name>GR10 – Barèges → Chalet-Hôtel de l&apos;Oule</name>
    <type>hike</type>
    <trkseg>
      <trkpt lat="42.897120" lon="0.062747">
        <ele>1230.9</ele>
        <time>2025-07-06T07:30:00.000Z</time>
      </trkpt>
      <trkpt lat="42.897085" lon="0.063056">
        <ele>1230.6</ele>
        <time>2025-07-06T07:30:23.830Z</time>
      </trkpt>
      <trkpt lat="42.897177" lon="0.063429">
        <ele>1233.2</ele>
        <time>2025-07-06T07:31:17.562Z</time>
      </trkpt>
      <trkpt lat="42.897273" lon="0.063800">
        <ele>1237.3</ele>
        <time>2025-07-06T07:32:27.136Z</time>
      </trkpt>
      <trkpt lat="42.897091" lon="0.063985">
        <ele>1236.9</ele>
        <time>2025-07-06T07:32:52.899Z</time>
      </trkpt>
      <trkpt lat="42.897072" lon="0.064275">
        <ele>1236.5</ele>
        <time>2025-07-06T07:33:18.518Z</time>
      </trkpt>
      <trkpt lat="42.897086" lon="0.064617">
        <ele>1239.8</ele>
        <time>2025-07-06T07:34:16.432Z</time>
      </trkpt>
      <trkpt lat="42.897136" lon="0.064983">
        <ele>1243.4</ele>
        <time>2025-07-06T07:35:19.390Z</time>
      </trkpt>
      <trkpt lat="42.897283" lon="0.065347">
        <ele>1245.2</ele>
        <time>2025-07-06T07:36:07.848Z</time>
      </trkpt>
      <trkpt lat="42.897159" lon="0.065669">
        <ele>1246.9</ele>
        <time>2025-07-06T07:36:54.265Z</time>
      </trkpt>
      <trkpt lat="42.897181" lon="0.065966">
        <ele>1247.9</ele>
        <time>2025-07-06T07:37:26.696Z</time>
      </trkpt>
      <trkpt lat="42.897551" lon="0.067011">
        <ele>1251.6</ele>
        <time>2025-07-06T07:39:25.842Z</time>
      </trkpt>
      <trkpt lat="42.897677" lon="0.067359">
        <ele>1255.3</ele>
        <time>2025-07-06T07:40:31.251Z</time>
      </trkpt>
      <trkpt lat="42.897747" lon="0.067696">
        <ele>1258.5</ele>
        <time>2025-07-06T07:41:28.214Z</time>
      </trkpt>
      <trkpt lat="42.898060" lon="0.067687">
        <ele>1261.5</ele>
        <time>2025-07-06T07:42:29.832Z</time>
      </trkpt>
      <trkpt lat="42.898117" lon="0.068018">
        <ele>1264.3</ele>
        <time>2025-07-06T07:43:25.591Z</time>
      </trkpt>
      <trkpt lat="42.898203" lon="0.068617">
        <ele>1268.7</ele>
        <time>2025-07-06T07:44:53.064Z</time>
      </trkpt>
      <trkpt lat="42.898485" lon="0.068784">
        <ele>1273.2</ele>
        <time>2025-07-06T07:46:11.255Z</time>
      </trkpt>
      <trkpt lat="42.898523" lon="0.068638">
        <ele>1275.8</ele>
        <time>2025-07-06T07:47:03.814Z</time>
      </trkpt>
      <trkpt lat="42.898637" lon="0.068735">
        <ele>1277.2</ele>
        <time>2025-07-06T07:47:41.758Z</time>
      </trkpt>
      <trkpt lat="42.898736" lon="0.069053">
        <ele>1279.4</ele>
        <time>2025-07-06T07:48:28.074Z</time>
      </trkpt>
      <trkpt lat="42.898909" lon="0.069536">
        <ele>1284.4</ele>
        <time>2025-07-06T07:49:58.831Z</time>
      </trkpt>
      <trkpt lat="42.899091" lon="0.070233">
        <ele>1291.7</ele>
        <time>2025-07-06T07:52:04.969Z</time>
      </trkpt>
      <trkpt lat="42.899229" lon="0.070705">
        <ele>1297.9</ele>
        <time>2025-07-06T07:53:44.830Z</time>
      </trkpt>
      <trkpt lat="42.899443" lon="0.071068">
        <ele>1305.9</ele>
        <time>2025-07-06T07:55:39.213Z</time>
      </trkpt>
      <trkpt lat="42.899628" lon="0.071428">
        <ele>1314.3</ele>
        <time>2025-07-06T07:57:37.224Z</time>
      </trkpt>
      <trkpt lat="42.899743" lon="0.071866">
        <ele>1317.9</ele>
        <time>2025-07-06T07:58:46.524Z</time>
      </trkpt>
      <trkpt lat="42.899746" lon="0.072574">
        <ele>1319.5</ele>
        <time>2025-07-06T07:59:53.119Z</time>
      </trkpt>
      <trkpt lat="42.899809" lon="0.073198">
        <ele>1324.0</ele>
        <time>2025-07-06T08:01:24.693Z</time>
      </trkpt>
      <trkpt lat="42.899961" lon="0.073725">
        <ele>1331.1</ele>
        <time>2025-07-06T08:03:16.386Z</time>
      </trkpt>
      <trkpt lat="42.900287" lon="0.074368">
        <ele>1341.8</ele>
        <time>2025-07-06T08:06:01.031Z</time>
      </trkpt>
      <trkpt lat="42.900500" lon="0.075039">
        <ele>1344.7</ele>
        <time>2025-07-06T08:07:22.718Z</time>
      </trkpt>
      <trkpt lat="42.900713" lon="0.075588">
        <ele>1349.3</ele>
        <time>2025-07-06T08:08:52.797Z</time>
      </trkpt>
      <trkpt lat="42.900843" lon="0.075903">
        <ele>1355.3</ele>
        <time>2025-07-06T08:10:19.964Z</time>
      </trkpt>
      <trkpt lat="42.901064" lon="0.076047">
        <ele>1360.7</ele>
        <time>2025-07-06T08:11:39.353Z</time>
      </trkpt>
      <trkpt lat="42.901356" lon="0.076366">
        <ele>1370.1</ele>
        <time>2025-07-06T08:13:51.382Z</time>
      </trkpt>
      <trkpt lat="42.901703" lon="0.076274">
        <ele>1377.3</ele>
        <time>2025-07-06T08:15:39.417Z</time>
      </trkpt>
      <trkpt lat="42.901843" lon="0.076458">
        <ele>1380.9</ele>
        <time>2025-07-06T08:16:39.477Z</time>
      </trkpt>
      <trkpt lat="42.901893" lon="0.076825">
        <ele>1383.2</ele>
        <time>2025-07-06T08:17:28.524Z</time>
      </trkpt>
      <trkpt lat="42.901888" lon="0.077266">
        <ele>1383.1</ele>
        <time>2025-07-06T08:17:59.959Z</time>
      </trkpt>
      <trkpt lat="42.901929" lon="0.077701">
        <ele>1381.6</ele>
        <time>2025-07-06T08:18:39.257Z</time>
      </trkpt>
      <trkpt lat="42.901959" lon="0.078027">
        <ele>1380.1</ele>
        <time>2025-07-06T08:19:11.339Z</time>
      </trkpt>
      <trkpt lat="42.901982" lon="0.078561">
        <ele>1376.2</ele>
        <time>2025-07-06T08:20:11.940Z</time>
      </trkpt>
      <trkpt lat="42.902071" lon="0.078855">
        <ele>1379.4</ele>
        <time>2025-07-06T08:21:06.448Z</time>
      </trkpt>
      <trkpt lat="42.902351" lon="0.079027">
        <ele>1383.6</ele>
        <time>2025-07-06T08:22:19.834Z</time>
      </trkpt>
      <trkpt lat="42.902574" lon="0.079151">
        <ele>1384.6</ele>
        <time>2025-07-06T08:22:55.354Z</time>
      </trkpt>
      <trkpt lat="42.902440" lon="0.079424">
        <ele>1385.5</ele>
        <time>2025-07-06T08:23:29.620Z</time>
      </trkpt>
      <trkpt lat="42.902360" lon="0.079853">
        <ele>1384.9</ele>
        <time>2025-07-06T08:24:06.424Z</time>
      </trkpt>
      <trkpt lat="42.902524" lon="0.080497">
        <ele>1383.9</ele>
        <time>2025-07-06T08:24:59.995Z</time>
      </trkpt>
      <trkpt lat="42.902569" lon="0.080840">
        <ele>1384.6</ele>
        <time>2025-07-06T08:25:31.527Z</time>
      </trkpt>
      <trkpt lat="42.902583" lon="0.081215">
        <ele>1385.3</ele>
        <time>2025-07-06T08:26:05.393Z</time>
      </trkpt>
      <trkpt lat="42.902672" lon="0.081910">
        <ele>1388.9</ele>
        <time>2025-07-06T08:27:31.537Z</time>
      </trkpt>
      <trkpt lat="42.902732" lon="0.082315">
        <ele>1390.6</ele>
        <time>2025-07-06T08:28:17.973Z</time>
      </trkpt>
      <trkpt lat="42.902765" lon="0.082808">
        <ele>1394.4</ele>
        <time>2025-07-06T08:29:31.017Z</time>
      </trkpt>
      <trkpt lat="42.902971" lon="0.083164">
        <ele>1399.5</ele>
        <time>2025-07-06T08:30:56.981Z</time>
      </trkpt>
      <trkpt lat="42.903202" lon="0.083484">
        <ele>1409.1</ele>
        <time>2025-07-06T08:33:07.417Z</time>
      </trkpt>
      <trkpt lat="42.903381" lon="0.083711">
        <ele>1413.7</ele>
        <time>2025-07-06T08:34:17.808Z</time>
      </trkpt>
      <trkpt lat="42.903258" lon="0.083948">
        <ele>1408.1</ele>
        <time>2025-07-06T08:35:14.589Z</time>
      </trkpt>
      <trkpt lat="42.903032" lon="0.084043">
        <ele>1402.7</ele>
        <time>2025-07-06T08:36:09.465Z</time>
      </trkpt>
      <trkpt lat="42.902958" lon="0.084321">
        <ele>1401.3</ele>
        <time>2025-07-06T08:36:39.877Z</time>
      </trkpt>
      <trkpt lat="42.902938" lon="0.084697">
        <ele>1399.7</ele>
        <time>2025-07-06T08:37:16.080Z</time>
      </trkpt>
      <trkpt lat="42.902948" lon="0.085131">
        <ele>1398.7</ele>
        <time>2025-07-06T08:37:52.300Z</time>
      </trkpt>
      <trkpt lat="42.902925" lon="0.085552">
        <ele>1396.7</ele>
        <time>2025-07-06T08:38:33.818Z</time>
      </trkpt>
      <trkpt lat="42.902894" lon="0.085905">
        <ele>1394.0</ele>
        <time>2025-07-06T08:39:14.898Z</time>
      </trkpt>
      <trkpt lat="42.902964" lon="0.086223">
        <ele>1395.0</ele>
        <time>2025-07-06T08:39:48.742Z</time>
      </trkpt>
      <trkpt lat="42.903174" lon="0.086877">
        <ele>1400.2</ele>
        <time>2025-07-06T08:41:31.965Z</time>
      </trkpt>
      <trkpt lat="42.903315" lon="0.087257">
        <ele>1402.8</ele>
        <time>2025-07-06T08:42:28.175Z</time>
      </trkpt>
      <trkpt lat="42.903299" lon="0.087785">
        <ele>1402.9</ele>
        <time>2025-07-06T08:43:06.928Z</time>
      </trkpt>
      <trkpt lat="42.903294" lon="0.088332">
        <ele>1401.2</ele>
        <time>2025-07-06T08:43:55.395Z</time>
      </trkpt>
      <trkpt lat="42.903295" lon="0.088641">
        <ele>1401.6</ele>
        <time>2025-07-06T08:44:20.544Z</time>
      </trkpt>
      <trkpt lat="42.903347" lon="0.088973">
        <ele>1401.9</ele>
        <time>2025-07-06T08:44:48.811Z</time>
      </trkpt>
      <trkpt lat="42.903120" lon="0.089455">
        <ele>1400.1</ele>
        <time>2025-07-06T08:45:40.618Z</time>
      </trkpt>
      <trkpt lat="42.903062" lon="0.089774">
        <ele>1400.6</ele>
        <time>2025-07-06T08:46:09.092Z</time>
      </trkpt>
      <trkpt lat="42.902893" lon="0.090020">
        <ele>1402.8</ele>
        <time>2025-07-06T08:46:56.299Z</time>
      </trkpt>
      <trkpt lat="42.902907" lon="0.090338">
        <ele>1404.9</ele>
        <time>2025-07-06T08:47:42.698Z</time>
      </trkpt>
      <trkpt lat="42.903071" lon="0.090543">
        <ele>1407.0</ele>
        <time>2025-07-06T08:48:25.847Z</time>
      </trkpt>
      <trkpt lat="42.903299" lon="0.090791">
        <ele>1409.7</ele>
        <time>2025-07-06T08:49:22.811Z</time>
      </trkpt>
      <trkpt lat="42.903446" lon="0.091226">
        <ele>1412.7</ele>
        <time>2025-07-06T08:50:27.002Z</time>
      </trkpt>
      <trkpt lat="42.903597" lon="0.091546">
        <ele>1415.1</ele>
        <time>2025-07-06T08:51:17.809Z</time>
      </trkpt>
      <trkpt lat="42.903647" lon="0.092176">
        <ele>1417.0</ele>
        <time>2025-07-06T08:52:21.753Z</time>
      </trkpt>
      <trkpt lat="42.903679" lon="0.092666">
        <ele>1418.7</ele>
        <time>2025-07-06T08:53:13.738Z</time>
      </trkpt>
      <trkpt lat="42.903719" lon="0.093007">
        <ele>1419.9</ele>
        <time>2025-07-06T08:53:50.099Z</time>
      </trkpt>
      <trkpt lat="42.903606" lon="0.093363">
        <ele>1420.9</ele>
        <time>2025-07-06T08:54:27.826Z</time>
      </trkpt>
      <trkpt lat="42.903379" lon="0.094318">
        <ele>1425.8</ele>
        <time>2025-07-06T08:56:29.101Z</time>
      </trkpt>
      <trkpt lat="42.903298" lon="0.094645">
        <ele>1428.6</ele>
        <time>2025-07-06T08:57:26.556Z</time>
      </trkpt>
      <trkpt lat="42.903316" lon="0.095497">
        <ele>1433.9</ele>
        <time>2025-07-06T08:59:20.564Z</time>
      </trkpt>
      <trkpt lat="42.903325" lon="0.096354">
        <ele>1439.1</ele>
        <time>2025-07-06T09:01:13.907Z</time>
      </trkpt>
      <trkpt lat="42.903342" lon="0.097078">
        <ele>1443.4</ele>
        <time>2025-07-06T09:02:48.446Z</time>
      </trkpt>
      <trkpt lat="42.903375" lon="0.097584">
        <ele>1445.2</ele>
        <time>2025-07-06T09:03:42.485Z</time>
      </trkpt>
      <trkpt lat="42.903448" lon="0.098228">
        <ele>1447.5</ele>
        <time>2025-07-06T09:04:51.789Z</time>
      </trkpt>
      <trkpt lat="42.903496" lon="0.098683">
        <ele>1447.9</ele>
        <time>2025-07-06T09:05:28.167Z</time>
      </trkpt>
      <trkpt lat="42.903530" lon="0.099307">
        <ele>1448.9</ele>
        <time>2025-07-06T09:06:21.745Z</time>
      </trkpt>
      <trkpt lat="42.903540" lon="0.099790">
        <ele>1449.8</ele>
        <time>2025-07-06T09:07:05.489Z</time>
      </trkpt>
      <trkpt lat="42.903508" lon="0.100139">
        <ele>1452.8</ele>
        <time>2025-07-06T09:08:00.226Z</time>
      </trkpt>
      <trkpt lat="42.903343" lon="0.100462">
        <ele>1456.0</ele>
        <time>2025-07-06T09:09:01.441Z</time>
      </trkpt>
      <trkpt lat="42.903212" lon="0.100781">
        <ele>1457.4</ele>
        <time>2025-07-06T09:09:41.442Z</time>
      </trkpt>
      <trkpt lat="42.903224" lon="0.101115">
        <ele>1458.7</ele>
        <time>2025-07-06T09:10:18.527Z</time>
      </trkpt>
      <trkpt lat="42.903305" lon="0.101512">
        <ele>1458.6</ele>
        <time>2025-07-06T09:10:48.241Z</time>
      </trkpt>
      <trkpt lat="42.903385" lon="0.102170">
        <ele>1458.3</ele>
        <time>2025-07-06T09:11:36.272Z</time>
      </trkpt>
      <trkpt lat="42.903427" lon="0.102550">
        <ele>1460.2</ele>
        <time>2025-07-06T09:12:22.446Z</time>
      </trkpt>
      <trkpt lat="42.903557" lon="0.102966">
        <ele>1462.6</ele>
        <time>2025-07-06T09:13:19.528Z</time>
      </trkpt>
      <trkpt lat="42.903338" lon="0.103191">
        <ele>1464.9</ele>
        <time>2025-07-06T09:14:08.713Z</time>
      </trkpt>
      <trkpt lat="42.902913" lon="0.103438">
        <ele>1467.4</ele>
        <time>2025-07-06T09:15:18.878Z</time>
      </trkpt>
      <trkpt lat="42.902599" lon="0.103493">
        <ele>1468.2</ele>
        <time>2025-07-06T09:15:57.837Z</time>
      </trkpt>
      <trkpt lat="42.902200" lon="0.103544">
        <ele>1469.6</ele>
        <time>2025-07-06T09:16:50.405Z</time>
      </trkpt>
      <trkpt lat="42.901946" lon="0.103614">
        <ele>1470.5</ele>
        <time>2025-07-06T09:17:24.387Z</time>
      </trkpt>
      <trkpt lat="42.901468" lon="0.104028">
        <ele>1473.9</ele>
        <time>2025-07-06T09:18:53.083Z</time>
      </trkpt>
      <trkpt lat="42.901192" lon="0.104294">
        <ele>1476.1</ele>
        <time>2025-07-06T09:19:48.590Z</time>
      </trkpt>
      <trkpt lat="42.900965" lon="0.104400">
        <ele>1477.4</ele>
        <time>2025-07-06T09:20:25.075Z</time>
      </trkpt>
      <trkpt lat="42.900697" lon="0.104438">
        <ele>1478.0</ele>
        <time>2025-07-06T09:20:57.223Z</time>
      </trkpt>
      <trkpt lat="42.900302" lon="0.104495">
        <ele>1481.8</ele>
        <time>2025-07-06T09:22:14.749Z</time>
      </trkpt>
      <trkpt lat="42.899646" lon="0.104731">
        <ele>1493.2</ele>
        <time>2025-07-06T09:25:16.727Z</time>
      </trkpt>
      <trkpt lat="42.899297" lon="0.104892">
        <ele>1498.0</ele>
        <time>2025-07-06T09:26:40.957Z</time>
      </trkpt>
      <trkpt lat="42.898955" lon="0.105201">
        <ele>1501.8</ele>
        <time>2025-07-06T09:27:59.305Z</time>
      </trkpt>
      <trkpt lat="42.898609" lon="0.105585">
        <ele>1505.6</ele>
        <time>2025-07-06T09:29:21.119Z</time>
      </trkpt>
      <trkpt lat="42.898158" lon="0.105862">
        <ele>1509.9</ele>
        <time>2025-07-06T09:30:52.856Z</time>
      </trkpt>
      <trkpt lat="42.897903" lon="0.105938">
        <ele>1512.5</ele>
        <time>2025-07-06T09:31:44.439Z</time>
      </trkpt>
      <trkpt lat="42.897713" lon="0.106118">
        <ele>1514.8</ele>
        <time>2025-07-06T09:32:30.101Z</time>
      </trkpt>
      <trkpt lat="42.897441" lon="0.106308">
        <ele>1518.4</ele>
        <time>2025-07-06T09:33:36.319Z</time>
      </trkpt>
      <trkpt lat="42.897197" lon="0.106292">
        <ele>1521.2</ele>
        <time>2025-07-06T09:34:28.685Z</time>
      </trkpt>
      <trkpt lat="42.896859" lon="0.106339">
        <ele>1526.7</ele>
        <time>2025-07-06T09:35:57.937Z</time>
      </trkpt>
      <trkpt lat="42.896561" lon="0.106473">
        <ele>1531.8</ele>
        <time>2025-07-06T09:37:20.005Z</time>
      </trkpt>
      <trkpt lat="42.896176" lon="0.106501">
        <ele>1538.0</ele>
        <time>2025-07-06T09:39:00.509Z</time>
      </trkpt>
      <trkpt lat="42.895944" lon="0.106550">
        <ele>1541.3</ele>
        <time>2025-07-06T09:39:58.091Z</time>
      </trkpt>
      <trkpt lat="42.895702" lon="0.106544">
        <ele>1544.9</ele>
        <time>2025-07-06T09:40:58.398Z</time>
      </trkpt>
      <trkpt lat="42.895420" lon="0.106686">
        <ele>1549.6</ele>
        <time>2025-07-06T09:42:17.159Z</time>
      </trkpt>
      <trkpt lat="42.895196" lon="0.106723">
        <ele>1553.0</ele>
        <time>2025-07-06T09:43:13.853Z</time>
      </trkpt>
      <trkpt lat="42.894892" lon="0.106754">
        <ele>1556.9</ele>
        <time>2025-07-06T09:44:23.320Z</time>
      </trkpt>
      <trkpt lat="42.894602" lon="0.106758">
        <ele>1560.0</ele>
        <time>2025-07-06T09:45:23.309Z</time>
      </trkpt>
      <trkpt lat="42.894357" lon="0.106765">
        <ele>1562.5</ele>
        <time>2025-07-06T09:46:11.750Z</time>
      </trkpt>
      <trkpt lat="42.894009" lon="0.106658">
        <ele>1563.7</ele>
        <time>2025-07-06T09:46:58.723Z</time>
      </trkpt>
      <trkpt lat="42.893766" lon="0.106623">
        <ele>1566.2</ele>
        <time>2025-07-06T09:47:48.759Z</time>
      </trkpt>
      <trkpt lat="42.893400" lon="0.106606">
        <ele>1572.2</ele>
        <time>2025-07-06T09:49:25.551Z</time>
      </trkpt>
      <trkpt lat="42.893190" lon="0.106702">
        <ele>1578.3</ele>
        <time>2025-07-06T09:50:50.449Z</time>
      </trkpt>
      <trkpt lat="42.892868" lon="0.106796">
        <ele>1587.2</ele>
        <time>2025-07-06T09:52:54.716Z</time>
      </trkpt>
      <trkpt lat="42.892646" lon="0.106752">
        <ele>1593.0</ele>
        <time>2025-07-06T09:54:16.650Z</time>
      </trkpt>
      <trkpt lat="42.892395" lon="0.106855">
        <ele>1600.0</ele>
        <time>2025-07-06T09:55:53.658Z</time>
      </trkpt>
      <trkpt lat="42.891917" lon="0.106950">
        <ele>1613.8</ele>
        <time>2025-07-06T09:59:02.176Z</time>
      </trkpt>
      <trkpt lat="42.891599" lon="0.106969">
        <ele>1622.6</ele>
        <time>2025-07-06T10:01:03.399Z</time>
      </trkpt>
      <trkpt lat="42.891251" lon="0.107113">
        <ele>1631.4</ele>
        <time>2025-07-06T10:03:08.828Z</time>
      </trkpt>
      <trkpt lat="42.891073" lon="0.107263">
        <ele>1636.1</ele>
        <time>2025-07-06T10:04:18.572Z</time>
      </trkpt>
      <trkpt lat="42.890803" lon="0.107214">
        <ele>1641.8</ele>
        <time>2025-07-06T10:05:42.867Z</time>
      </trkpt>
      <trkpt lat="42.890515" lon="0.107420">
        <ele>1651.0</ele>
        <time>2025-07-06T10:07:48.428Z</time>
      </trkpt>
      <trkpt lat="42.890285" lon="0.107496">
        <ele>1657.6</ele>
        <time>2025-07-06T10:09:19.824Z</time>
      </trkpt>
      <trkpt lat="42.889899" lon="0.107469">
        <ele>1657.1</ele>
        <time>2025-07-06T10:10:00.130Z</time>
      </trkpt>
      <trkpt lat="42.889673" lon="0.107447">
        <ele>1656.8</ele>
        <time>2025-07-06T10:10:23.630Z</time>
      </trkpt>
      <trkpt lat="42.889417" lon="0.107472">
        <ele>1657.7</ele>
        <time>2025-07-06T10:10:57.423Z</time>
      </trkpt>
      <trkpt lat="42.889193" lon="0.107610">
        <ele>1658.5</ele>
        <time>2025-07-06T10:11:29.771Z</time>
      </trkpt>
      <trkpt lat="42.888980" lon="0.107830">
        <ele>1662.0</ele>
        <time>2025-07-06T10:12:30.924Z</time>
      </trkpt>
      <trkpt lat="42.888546" lon="0.108009">
        <ele>1667.9</ele>
        <time>2025-07-06T10:14:14.660Z</time>
      </trkpt>
      <trkpt lat="42.887979" lon="0.108230">
        <ele>1678.8</ele>
        <time>2025-07-06T10:17:03.520Z</time>
      </trkpt>
      <trkpt lat="42.887693" lon="0.108327">
        <ele>1681.6</ele>
        <time>2025-07-06T10:17:59.611Z</time>
      </trkpt>
      <trkpt lat="42.887167" lon="0.108359">
        <ele>1686.4</ele>
        <time>2025-07-06T10:19:39.786Z</time>
      </trkpt>
      <trkpt lat="42.886717" lon="0.108411">
        <ele>1692.0</ele>
        <time>2025-07-06T10:21:20.235Z</time>
      </trkpt>
      <trkpt lat="42.886397" lon="0.108337">
        <ele>1694.2</ele>
        <time>2025-07-06T10:22:14.340Z</time>
      </trkpt>
      <trkpt lat="42.886212" lon="0.108155">
        <ele>1696.4</ele>
        <time>2025-07-06T10:22:59.013Z</time>
      </trkpt>
      <trkpt lat="42.886304" lon="0.108732">
        <ele>1703.6</ele>
        <time>2025-07-06T10:24:56.316Z</time>
      </trkpt>
      <trkpt lat="42.886260" lon="0.108956">
        <ele>1707.4</ele>
        <time>2025-07-06T10:25:57.272Z</time>
      </trkpt>
      <trkpt lat="42.885843" lon="0.109139">
        <ele>1714.8</ele>
        <time>2025-07-06T10:27:55.982Z</time>
      </trkpt>
      <trkpt lat="42.885510" lon="0.109439">
        <ele>1721.7</ele>
        <time>2025-07-06T10:29:45.088Z</time>
      </trkpt>
      <trkpt lat="42.885306" lon="0.109685">
        <ele>1726.5</ele>
        <time>2025-07-06T10:30:59.519Z</time>
      </trkpt>
      <trkpt lat="42.884906" lon="0.110111">
        <ele>1733.8</ele>
        <time>2025-07-06T10:33:03.874Z</time>
      </trkpt>
      <trkpt lat="42.884531" lon="0.110475">
        <ele>1736.9</ele>
        <time>2025-07-06T10:34:19.389Z</time>
      </trkpt>
      <trkpt lat="42.884375" lon="0.110714">
        <ele>1738.2</ele>
        <time>2025-07-06T10:34:55.568Z</time>
      </trkpt>
      <trkpt lat="42.884062" lon="0.111114">
        <ele>1740.7</ele>
        <time>2025-07-06T10:36:02.385Z</time>
      </trkpt>
      <trkpt lat="42.883768" lon="0.111599">
        <ele>1744.8</ele>
        <time>2025-07-06T10:37:28.499Z</time>
      </trkpt>
      <trkpt lat="42.883494" lon="0.111547">
        <ele>1745.6</ele>
        <time>2025-07-06T10:38:03.290Z</time>
      </trkpt>
      <trkpt lat="42.883243" lon="0.111774">
        <ele>1746.4</ele>
        <time>2025-07-06T10:38:40.746Z</time>
      </trkpt>
      <trkpt lat="42.883166" lon="0.112047">
        <ele>1750.6</ele>
        <time>2025-07-06T10:39:46.879Z</time>
      </trkpt>
      <trkpt lat="42.883082" lon="0.112392">
        <ele>1755.5</ele>
        <time>2025-07-06T10:41:02.616Z</time>
      </trkpt>
      <trkpt lat="42.883052" lon="0.112722">
        <ele>1761.1</ele>
        <time>2025-07-06T10:42:25.707Z</time>
      </trkpt>
      <trkpt lat="42.882910" lon="0.112963">
        <ele>1766.7</ele>
        <time>2025-07-06T10:43:47.068Z</time>
      </trkpt>
      <trkpt lat="42.882910" lon="0.113275">
        <ele>1771.7</ele>
        <time>2025-07-06T10:45:01.197Z</time>
      </trkpt>
      <trkpt lat="42.882800" lon="0.113551">
        <ele>1776.8</ele>
        <time>2025-07-06T10:46:18.371Z</time>
      </trkpt>
      <trkpt lat="42.882828" lon="0.113879">
        <ele>1781.5</ele>
        <time>2025-07-06T10:47:31.775Z</time>
      </trkpt>
      <trkpt lat="42.882760" lon="0.114172">
        <ele>1785.0</ele>
        <time>2025-07-06T10:48:29.331Z</time>
      </trkpt>
      <trkpt lat="42.882680" lon="0.114563">
        <ele>1788.5</ele>
        <time>2025-07-06T10:49:34.358Z</time>
      </trkpt>
      <trkpt lat="42.882579" lon="0.114852">
        <ele>1791.0</ele>
        <time>2025-07-06T10:50:22.839Z</time>
      </trkpt>
      <trkpt lat="42.882684" lon="0.115179">
        <ele>1793.4</ele>
        <time>2025-07-06T10:51:13.097Z</time>
      </trkpt>
      <trkpt lat="42.882608" lon="0.115625">
        <ele>1795.6</ele>
        <time>2025-07-06T10:52:07.540Z</time>
      </trkpt>
      <trkpt lat="42.882683" lon="0.115910">
        <ele>1798.3</ele>
        <time>2025-07-06T10:52:58.937Z</time>
      </trkpt>
      <trkpt lat="42.882629" lon="0.116260">
        <ele>1804.1</ele>
        <time>2025-07-06T10:54:26.421Z</time>
      </trkpt>
      <trkpt lat="42.882580" lon="0.116567">
        <ele>1811.0</ele>
        <time>2025-07-06T10:55:59.737Z</time>
      </trkpt>
      <trkpt lat="42.882627" lon="0.116835">
        <ele>1820.4</ele>
        <time>2025-07-06T10:58:00.175Z</time>
      </trkpt>
      <trkpt lat="42.882573" lon="0.117146">
        <ele>1829.0</ele>
        <time>2025-07-06T10:59:51.348Z</time>
      </trkpt>
      <trkpt lat="42.882537" lon="0.117473">
        <ele>1835.1</ele>
        <time>2025-07-06T11:01:16.922Z</time>
      </trkpt>
      <trkpt lat="42.882372" lon="0.117722">
        <ele>1841.1</ele>
        <time>2025-07-06T11:02:43.237Z</time>
      </trkpt>
      <trkpt lat="42.882324" lon="0.118065">
        <ele>1847.6</ele>
        <time>2025-07-06T11:04:17.230Z</time>
      </trkpt>
      <trkpt lat="42.882236" lon="0.118374">
        <ele>1852.7</ele>
        <time>2025-07-06T11:05:32.241Z</time>
      </trkpt>
      <trkpt lat="42.882228" lon="0.118710">
        <ele>1857.1</ele>
        <time>2025-07-06T11:06:41.701Z</time>
      </trkpt>
      <trkpt lat="42.882258" lon="0.119017">
        <ele>1861.7</ele>
        <time>2025-07-06T11:07:52.089Z</time>
      </trkpt>
      <trkpt lat="42.882146" lon="0.119357">
        <ele>1867.3</ele>
        <time>2025-07-06T11:09:19.220Z</time>
      </trkpt>
      <trkpt lat="42.881994" lon="0.119416">
        <ele>1872.7</ele>
        <time>2025-07-06T11:10:40.017Z</time>
      </trkpt>
      <trkpt lat="42.881891" lon="0.119679">
        <ele>1877.8</ele>
        <time>2025-07-06T11:11:54.648Z</time>
      </trkpt>
      <trkpt lat="42.881779" lon="0.120019">
        <ele>1883.1</ele>
        <time>2025-07-06T11:13:16.767Z</time>
      </trkpt>
      <trkpt lat="42.881882" lon="0.120412">
        <ele>1888.9</ele>
        <time>2025-07-06T11:14:46.221Z</time>
      </trkpt>
      <trkpt lat="42.882044" lon="0.120632">
        <ele>1888.8</ele>
        <time>2025-07-06T11:15:08.841Z</time>
      </trkpt>
      <trkpt lat="42.882256" lon="0.120922">
        <ele>1888.6</ele>
        <time>2025-07-06T11:15:39.217Z</time>
      </trkpt>
      <trkpt lat="42.882418" lon="0.121194">
        <ele>1890.5</ele>
        <time>2025-07-06T11:16:24.441Z</time>
      </trkpt>
      <trkpt lat="42.882436" lon="0.121665">
        <ele>1893.3</ele>
        <time>2025-07-06T11:17:27.706Z</time>
      </trkpt>
      <trkpt lat="42.882387" lon="0.122039">
        <ele>1893.6</ele>
        <time>2025-07-06T11:17:57.451Z</time>
      </trkpt>
      <trkpt lat="42.882382" lon="0.122487">
        <ele>1894.0</ele>
        <time>2025-07-06T11:18:32.583Z</time>
      </trkpt>
      <trkpt lat="42.882415" lon="0.122921">
        <ele>1893.9</ele>
        <time>2025-07-06T11:19:04.146Z</time>
      </trkpt>
      <trkpt lat="42.882426" lon="0.123329">
        <ele>1894.5</ele>
        <time>2025-07-06T11:19:39.681Z</time>
      </trkpt>
      <trkpt lat="42.882439" lon="0.123723">
        <ele>1896.5</ele>
        <time>2025-07-06T11:20:27.314Z</time>
      </trkpt>
      <trkpt lat="42.882484" lon="0.124075">
        <ele>1898.3</ele>
        <time>2025-07-06T11:21:10.471Z</time>
      </trkpt>
      <trkpt lat="42.882560" lon="0.124458">
        <ele>1904.0</ele>
        <time>2025-07-06T11:22:36.823Z</time>
      </trkpt>
      <trkpt lat="42.882645" lon="0.124746">
        <ele>1906.9</ele>
        <time>2025-07-06T11:23:28.932Z</time>
      </trkpt>
      <trkpt lat="42.882494" lon="0.124939">
        <ele>1903.6</ele>
        <time>2025-07-06T11:24:11.837Z</time>
      </trkpt>
      <trkpt lat="42.882366" lon="0.125214">
        <ele>1900.7</ele>
        <time>2025-07-06T11:24:52.281Z</time>
      </trkpt>
      <trkpt lat="42.882296" lon="0.125491">
        <ele>1899.2</ele>
        <time>2025-07-06T11:25:23.268Z</time>
      </trkpt>
      <trkpt lat="42.882150" lon="0.125505">
        <ele>1897.6</ele>
        <time>2025-07-06T11:25:55.798Z</time>
      </trkpt>
      <trkpt lat="42.882010" lon="0.125634">
        <ele>1898.9</ele>
        <time>2025-07-06T11:26:30.501Z</time>
      </trkpt>
      <trkpt lat="42.882000" lon="0.125947">
        <ele>1900.0</ele>
        <time>2025-07-06T11:27:04.738Z</time>
      </trkpt>
      <trkpt lat="42.881999" lon="0.126270">
        <ele>1906.0</ele>
        <time>2025-07-06T11:28:28.947Z</time>
      </trkpt>
      <trkpt lat="42.882003" lon="0.126602">
        <ele>1911.8</ele>
        <time>2025-07-06T11:29:52.719Z</time>
      </trkpt>
      <trkpt lat="42.882013" lon="0.126910">
        <ele>1916.4</ele>
        <time>2025-07-06T11:31:02.671Z</time>
      </trkpt>
      <trkpt lat="42.882015" lon="0.127365">
        <ele>1922.4</ele>
        <time>2025-07-06T11:32:36.862Z</time>
      </trkpt>
      <trkpt lat="42.881962" lon="0.127679">
        <ele>1925.8</ele>
        <time>2025-07-06T11:33:34.001Z</time>
      </trkpt>
      <trkpt lat="42.882209" lon="0.127879">
        <ele>1929.8</ele>
        <time>2025-07-06T11:34:43.814Z</time>
      </trkpt>
      <trkpt lat="42.882371" lon="0.128054">
        <ele>1932.9</ele>
        <time>2025-07-06T11:35:38.144Z</time>
      </trkpt>
      <trkpt lat="42.882267" lon="0.128374">
        <ele>1936.4</ele>
        <time>2025-07-06T11:36:38.692Z</time>
      </trkpt>
      <trkpt lat="42.882241" lon="0.128698">
        <ele>1938.8</ele>
        <time>2025-07-06T11:37:26.015Z</time>
      </trkpt>
      <trkpt lat="42.882147" lon="0.129001">
        <ele>1941.4</ele>
        <time>2025-07-06T11:38:16.149Z</time>
      </trkpt>
      <trkpt lat="42.882255" lon="0.129193">
        <ele>1944.9</ele>
        <time>2025-07-06T11:39:18.164Z</time>
      </trkpt>
      <trkpt lat="42.882130" lon="0.129513">
        <ele>1948.1</ele>
        <time>2025-07-06T11:40:16.476Z</time>
      </trkpt>
      <trkpt lat="42.882062" lon="0.130027">
        <ele>1950.8</ele>
        <time>2025-07-06T11:41:21.169Z</time>
      </trkpt>
      <trkpt lat="42.882012" lon="0.130342">
        <ele>1951.3</ele>
        <time>2025-07-06T11:41:48.230Z</time>
      </trkpt>
      <trkpt lat="42.881836" lon="0.130882">
        <ele>1951.3</ele>
        <time>2025-07-06T11:42:29.761Z</time>
      </trkpt>
      <trkpt lat="42.881783" lon="0.131182">
        <ele>1953.3</ele>
        <time>2025-07-06T11:43:11.870Z</time>
      </trkpt>
      <trkpt lat="42.881714" lon="0.131520">
        <ele>1955.6</ele>
        <time>2025-07-06T11:44:01.135Z</time>
      </trkpt>
      <trkpt lat="42.881611" lon="0.131879">
        <ele>1957.7</ele>
        <time>2025-07-06T11:44:49.435Z</time>
      </trkpt>
      <trkpt lat="42.881559" lon="0.132216">
        <ele>1959.4</ele>
        <time>2025-07-06T11:45:32.013Z</time>
      </trkpt>
      <trkpt lat="42.881507" lon="0.132723">
        <ele>1961.7</ele>
        <time>2025-07-06T11:46:31.789Z</time>
      </trkpt>
      <trkpt lat="42.881430" lon="0.133112">
        <ele>1961.4</ele>
        <time>2025-07-06T11:47:03.037Z</time>
      </trkpt>
      <trkpt lat="42.881397" lon="0.133431">
        <ele>1962.1</ele>
        <time>2025-07-06T11:47:32.396Z</time>
      </trkpt>
      <trkpt lat="42.881458" lon="0.133718">
        <ele>1964.5</ele>
        <time>2025-07-06T11:48:18.661Z</time>
      </trkpt>
      <trkpt lat="42.881622" lon="0.134064">
        <ele>1966.2</ele>
        <time>2025-07-06T11:49:05.918Z</time>
      </trkpt>
      <trkpt lat="42.881600" lon="0.134428">
        <ele>1966.3</ele>
        <time>2025-07-06T11:49:35.546Z</time>
      </trkpt>
      <trkpt lat="42.881529" lon="0.134762">
        <ele>1970.5</ele>
        <time>2025-07-06T11:50:43.708Z</time>
      </trkpt>
      <trkpt lat="42.881433" lon="0.135046">
        <ele>1974.3</ele>
        <time>2025-07-06T11:51:45.097Z</time>
      </trkpt>
      <trkpt lat="42.881190" lon="0.135216">
        <ele>1972.8</ele>
        <time>2025-07-06T11:52:20.178Z</time>
      </trkpt>
      <trkpt lat="42.881076" lon="0.135504">
        <ele>1972.5</ele>
        <time>2025-07-06T11:52:45.506Z</time>
      </trkpt>
      <trkpt lat="42.880951" lon="0.135749">
        <ele>1975.0</ele>
        <time>2025-07-06T11:53:33.415Z</time>
      </trkpt>
      <trkpt lat="42.881044" lon="0.135918">
        <ele>1978.5</ele>
        <time>2025-07-06T11:54:33.187Z</time>
      </trkpt>
      <trkpt lat="42.881032" lon="0.136239">
        <ele>1983.6</ele>
        <time>2025-07-06T11:55:48.674Z</time>
      </trkpt>
      <trkpt lat="42.880982" lon="0.136568">
        <ele>1989.3</ele>
        <time>2025-07-06T11:57:10.618Z</time>
      </trkpt>
      <trkpt lat="42.881060" lon="0.136806">
        <ele>1995.2</ele>
        <time>2025-07-06T11:58:34.324Z</time>
      </trkpt>
      <trkpt lat="42.881014" lon="0.137128">
        <ele>2001.6</ele>
        <time>2025-07-06T12:00:04.039Z</time>
      </trkpt>
      <trkpt lat="42.880974" lon="0.137462">
        <ele>2008.1</ele>
        <time>2025-07-06T12:01:35.143Z</time>
      </trkpt>
      <trkpt lat="42.880909" lon="0.137818">
        <ele>2013.6</ele>
        <time>2025-07-06T12:02:57.184Z</time>
      </trkpt>
      <trkpt lat="42.880826" lon="0.138115">
        <ele>2015.0</ele>
        <time>2025-07-06T12:03:35.446Z</time>
      </trkpt>
      <trkpt lat="42.880610" lon="0.138041">
        <ele>2016.4</ele>
        <time>2025-07-06T12:04:10.740Z</time>
      </trkpt>
      <trkpt lat="42.880386" lon="0.137856">
        <ele>2014.1</ele>
        <time>2025-07-06T12:04:49.280Z</time>
      </trkpt>
      <trkpt lat="42.880165" lon="0.137924">
        <ele>2012.1</ele>
        <time>2025-07-06T12:05:24.289Z</time>
      </trkpt>
      <trkpt lat="42.879961" lon="0.138065">
        <ele>2016.6</ele>
        <time>2025-07-06T12:06:33.026Z</time>
      </trkpt>
      <trkpt lat="42.879819" lon="0.138329">
        <ele>2021.3</ele>
        <time>2025-07-06T12:07:43.697Z</time>
      </trkpt>
      <trkpt lat="42.879759" lon="0.138715">
        <ele>2027.9</ele>
        <time>2025-07-06T12:09:19.769Z</time>
      </trkpt>
      <trkpt lat="42.879709" lon="0.139009">
        <ele>2032.7</ele>
        <time>2025-07-06T12:10:30.544Z</time>
      </trkpt>
      <trkpt lat="42.879565" lon="0.139341">
        <ele>2037.2</ele>
        <time>2025-07-06T12:11:45.269Z</time>
      </trkpt>
      <trkpt lat="42.879482" lon="0.139676">
        <ele>2041.7</ele>
        <time>2025-07-06T12:12:55.741Z</time>
      </trkpt>
      <trkpt lat="42.879452" lon="0.140012">
        <ele>2046.7</ele>
        <time>2025-07-06T12:14:12.040Z</time>
      </trkpt>
      <trkpt lat="42.879462" lon="0.140366">
        <ele>2051.8</ele>
        <time>2025-07-06T12:15:29.505Z</time>
      </trkpt>
      <trkpt lat="42.879395" lon="0.140714">
        <ele>2056.7</ele>
        <time>2025-07-06T12:16:44.320Z</time>
      </trkpt>
      <trkpt lat="42.879291" lon="0.141042">
        <ele>2061.2</ele>
        <time>2025-07-06T12:17:55.851Z</time>
      </trkpt>
      <trkpt lat="42.879158" lon="0.141398">
        <ele>2065.4</ele>
        <time>2025-07-06T12:19:08.052Z</time>
      </trkpt>
      <trkpt lat="42.879017" lon="0.141722">
        <ele>2070.6</ele>
        <time>2025-07-06T12:20:31.519Z</time>
      </trkpt>
      <trkpt lat="42.878977" lon="0.142055">
        <ele>2075.2</ele>
        <time>2025-07-06T12:21:42.309Z</time>
      </trkpt>
      <trkpt lat="42.878926" lon="0.142396">
        <ele>2078.4</ele>
        <time>2025-07-06T12:22:39.518Z</time>
      </trkpt>
      <trkpt lat="42.878822" lon="0.142723">
        <ele>2081.1</ele>
        <time>2025-07-06T12:23:33.239Z</time>
      </trkpt>
      <trkpt lat="42.878686" lon="0.142952">
        <ele>2082.0</ele>
        <time>2025-07-06T12:24:04.008Z</time>
      </trkpt>
      <trkpt lat="42.878529" lon="0.143189">
        <ele>2082.7</ele>
        <time>2025-07-06T12:24:35.082Z</time>
      </trkpt>
      <trkpt lat="42.878409" lon="0.143458">
        <ele>2083.1</ele>
        <time>2025-07-06T12:25:00.615Z</time>
      </trkpt>
      <trkpt lat="42.878309" lon="0.143776">
        <ele>2084.1</ele>
        <time>2025-07-06T12:25:36.048Z</time>
      </trkpt>
      <trkpt lat="42.878157" lon="0.144224">
        <ele>2086.9</ele>
        <time>2025-07-06T12:26:39.031Z</time>
      </trkpt>
      <trkpt lat="42.878163" lon="0.144637">
        <ele>2090.6</ele>
        <time>2025-07-06T12:27:46.799Z</time>
      </trkpt>
      <trkpt lat="42.878147" lon="0.144951">
        <ele>2093.4</ele>
        <time>2025-07-06T12:28:37.847Z</time>
      </trkpt>
      <trkpt lat="42.878101" lon="0.145379">
        <ele>2097.2</ele>
        <time>2025-07-06T12:29:47.259Z</time>
      </trkpt>
      <trkpt lat="42.878031" lon="0.145715">
        <ele>2100.1</ele>
        <time>2025-07-06T12:30:41.690Z</time>
      </trkpt>
      <trkpt lat="42.877876" lon="0.145967">
        <ele>2100.0</ele>
        <time>2025-07-06T12:31:05.567Z</time>
      </trkpt>
      <trkpt lat="42.877649" lon="0.145975">
        <ele>2099.9</ele>
        <time>2025-07-06T12:31:27.691Z</time>
      </trkpt>
      <trkpt lat="42.877402" lon="0.145939">
        <ele>2101.0</ele>
        <time>2025-07-06T12:32:03.045Z</time>
      </trkpt>
      <trkpt lat="42.877095" lon="0.145993">
        <ele>2102.5</ele>
        <time>2025-07-06T12:32:48.614Z</time>
      </trkpt>
      <trkpt lat="42.876892" lon="0.146127">
        <ele>2104.9</ele>
        <time>2025-07-06T12:33:35.984Z</time>
      </trkpt>
      <trkpt lat="42.876717" lon="0.146332">
        <ele>2107.3</ele>
        <time>2025-07-06T12:34:23.783Z</time>
      </trkpt>
      <trkpt lat="42.876581" lon="0.146692">
        <ele>2109.1</ele>
        <time>2025-07-06T12:35:10.992Z</time>
      </trkpt>
      <trkpt lat="42.876452" lon="0.146949">
        <ele>2110.7</ele>
        <time>2025-07-06T12:35:49.295Z</time>
      </trkpt>
      <trkpt lat="42.876283" lon="0.147333">
        <ele>2113.2</ele>
        <time>2025-07-06T12:36:47.314Z</time>
      </trkpt>
      <trkpt lat="42.876198" lon="0.147644">
        <ele>2115.4</ele>
        <time>2025-07-06T12:37:33.618Z</time>
      </trkpt>
      <trkpt lat="42.875997" lon="0.147921">
        <ele>2118.4</ele>
        <time>2025-07-06T12:38:31.934Z</time>
      </trkpt>
      <trkpt lat="42.875903" lon="0.148194">
        <ele>2120.9</ele>
        <time>2025-07-06T12:39:19.699Z</time>
      </trkpt>
      <trkpt lat="42.875701" lon="0.148411">
        <ele>2124.1</ele>
        <time>2025-07-06T12:40:17.358Z</time>
      </trkpt>
      <trkpt lat="42.875591" lon="0.148716">
        <ele>2127.7</ele>
        <time>2025-07-06T12:41:18.688Z</time>
      </trkpt>
      <trkpt lat="42.875445" lon="0.148963">
        <ele>2131.5</ele>
        <time>2025-07-06T12:42:20.411Z</time>
      </trkpt>
      <trkpt lat="42.875354" lon="0.149277">
        <ele>2135.0</ele>
        <time>2025-07-06T12:43:19.951Z</time>
      </trkpt>
      <trkpt lat="42.875313" lon="0.149672">
        <ele>2138.2</ele>
        <time>2025-07-06T12:44:21.415Z</time>
      </trkpt>
      <trkpt lat="42.875226" lon="0.150284">
        <ele>2143.3</ele>
        <time>2025-07-06T12:45:57.368Z</time>
      </trkpt>
      <trkpt lat="42.875212" lon="0.150607">
        <ele>2144.5</ele>
        <time>2025-07-06T12:46:32.407Z</time>
      </trkpt>
      <trkpt lat="42.875206" lon="0.150989">
        <ele>2146.0</ele>
        <time>2025-07-06T12:47:13.691Z</time>
      </trkpt>
      <trkpt lat="42.875195" lon="0.151299">
        <ele>2147.4</ele>
        <time>2025-07-06T12:47:49.879Z</time>
      </trkpt>
      <trkpt lat="42.875171" lon="0.151635">
        <ele>2148.9</ele>
        <time>2025-07-06T12:48:30.012Z</time>
      </trkpt>
      <trkpt lat="42.875272" lon="0.151922">
        <ele>2150.1</ele>
        <time>2025-07-06T12:49:06.305Z</time>
      </trkpt>
      <trkpt lat="42.875007" lon="0.152057">
        <ele>2150.6</ele>
        <time>2025-07-06T12:49:38.357Z</time>
      </trkpt>
      <trkpt lat="42.874861" lon="0.151569">
        <ele>2148.4</ele>
        <time>2025-07-06T12:50:35.257Z</time>
      </trkpt>
      <trkpt lat="42.874819" lon="0.151089">
        <ele>2145.7</ele>
        <time>2025-07-06T12:51:25.216Z</time>
      </trkpt>
      <trkpt lat="42.874667" lon="0.150742">
        <ele>2143.7</ele>
        <time>2025-07-06T12:52:06.081Z</time>
      </trkpt>
      <trkpt lat="42.874426" lon="0.150659">
        <ele>2142.4</ele>
        <time>2025-07-06T12:52:37.627Z</time>
      </trkpt>
      <trkpt lat="42.874010" lon="0.150786">
        <ele>2141.9</ele>
        <time>2025-07-06T12:53:22.415Z</time>
      </trkpt>
      <trkpt lat="42.873655" lon="0.150901">
        <ele>2142.4</ele>
        <time>2025-07-06T12:54:03.562Z</time>
      </trkpt>
      <trkpt lat="42.873149" lon="0.150765">
        <ele>2143.7</ele>
        <time>2025-07-06T12:55:06.467Z</time>
      </trkpt>
      <trkpt lat="42.872442" lon="0.150846">
        <ele>2155.2</ele>
        <time>2025-07-06T12:58:12.816Z</time>
      </trkpt>
      <trkpt lat="42.872137" lon="0.150658">
        <ele>2161.1</ele>
        <time>2025-07-06T12:59:45.603Z</time>
      </trkpt>
      <trkpt lat="42.871807" lon="0.150263">
        <ele>2168.7</ele>
        <time>2025-07-06T13:01:45.381Z</time>
      </trkpt>
      <trkpt lat="42.871532" lon="0.150191">
        <ele>2176.2</ele>
        <time>2025-07-06T13:03:29.779Z</time>
      </trkpt>
      <trkpt lat="42.871316" lon="0.150007">
        <ele>2183.1</ele>
        <time>2025-07-06T13:05:04.686Z</time>
      </trkpt>
      <trkpt lat="42.871062" lon="0.149931">
        <ele>2188.5</ele>
        <time>2025-07-06T13:06:25.073Z</time>
      </trkpt>
      <trkpt lat="42.870760" lon="0.150042">
        <ele>2195.0</ele>
        <time>2025-07-06T13:08:02.067Z</time>
      </trkpt>
      <trkpt lat="42.870372" lon="0.150345">
        <ele>2203.6</ele>
        <time>2025-07-06T13:10:13.456Z</time>
      </trkpt>
      <trkpt lat="42.869999" lon="0.150234">
        <ele>2212.9</ele>
        <time>2025-07-06T13:12:26.390Z</time>
      </trkpt>
      <trkpt lat="42.869668" lon="0.150130">
        <ele>2220.8</ele>
        <time>2025-07-06T13:14:20.661Z</time>
      </trkpt>
      <trkpt lat="42.869448" lon="0.149395">
        <ele>2230.5</ele>
        <time>2025-07-06T13:16:56.278Z</time>
      </trkpt>
      <trkpt lat="42.869423" lon="0.149037">
        <ele>2236.9</ele>
        <time>2025-07-06T13:18:27.837Z</time>
      </trkpt>
      <trkpt lat="42.869059" lon="0.148715">
        <ele>2247.8</ele>
        <time>2025-07-06T13:21:01.754Z</time>
      </trkpt>
      <trkpt lat="42.869008" lon="0.148317">
        <ele>2255.2</ele>
        <time>2025-07-06T13:22:45.904Z</time>
      </trkpt>
      <trkpt lat="42.868807" lon="0.148173">
        <ele>2262.3</ele>
        <time>2025-07-06T13:24:23.215Z</time>
      </trkpt>
      <trkpt lat="42.868320" lon="0.148115">
        <ele>2277.3</ele>
        <time>2025-07-06T13:27:51.021Z</time>
      </trkpt>
      <trkpt lat="42.867903" lon="0.147836">
        <ele>2292.6</ele>
        <time>2025-07-06T13:31:11.953Z</time>
      </trkpt>
      <trkpt lat="42.867647" lon="0.147353">
        <ele>2295.7</ele>
        <time>2025-07-06T13:32:25.176Z</time>
      </trkpt>
      <trkpt lat="42.867572" lon="0.146954">
        <ele>2297.8</ele>
        <time>2025-07-06T13:33:15.778Z</time>
      </trkpt>
      <trkpt lat="42.867277" lon="0.146546">
        <ele>2300.5</ele>
        <time>2025-07-06T13:34:24.010Z</time>
      </trkpt>
      <trkpt lat="42.867049" lon="0.146393">
        <ele>2303.6</ele>
        <time>2025-07-06T13:35:24.507Z</time>
      </trkpt>
      <trkpt lat="42.866583" lon="0.145896">
        <ele>2306.1</ele>
        <time>2025-07-06T13:36:47.322Z</time>
      </trkpt>
      <trkpt lat="42.866438" lon="0.145704">
        <ele>2306.2</ele>
        <time>2025-07-06T13:37:10.383Z</time>
      </trkpt>
      <trkpt lat="42.866338" lon="0.145448">
        <ele>2306.3</ele>
        <time>2025-07-06T13:37:33.994Z</time>
      </trkpt>
      <trkpt lat="42.866196" lon="0.145072">
        <ele>2307.6</ele>
        <time>2025-07-06T13:38:16.801Z</time>
      </trkpt>
      <trkpt lat="42.865932" lon="0.145018">
        <ele>2309.6</ele>
        <time>2025-07-06T13:39:03.841Z</time>
      </trkpt>
      <trkpt lat="42.865791" lon="0.144703">
        <ele>2313.0</ele>
        <time>2025-07-06T13:40:05.720Z</time>
      </trkpt>
      <trkpt lat="42.865525" lon="0.144635">
        <ele>2319.1</ele>
        <time>2025-07-06T13:41:36.102Z</time>
      </trkpt>
      <trkpt lat="42.865264" lon="0.144441">
        <ele>2326.3</ele>
        <time>2025-07-06T13:43:18.656Z</time>
      </trkpt>
      <trkpt lat="42.864986" lon="0.144565">
        <ele>2333.6</ele>
        <time>2025-07-06T13:45:02.011Z</time>
      </trkpt>
      <trkpt lat="42.864591" lon="0.144528">
        <ele>2346.5</ele>
        <time>2025-07-06T13:47:56.807Z</time>
      </trkpt>
      <trkpt lat="42.864324" lon="0.144506">
        <ele>2353.8</ele>
        <time>2025-07-06T13:49:42.021Z</time>
      </trkpt>
      <trkpt lat="42.863909" lon="0.144294">
        <ele>2363.3</ele>
        <time>2025-07-06T13:52:04.221Z</time>
      </trkpt>
      <trkpt lat="42.863668" lon="0.144183">
        <ele>2366.9</ele>
        <time>2025-07-06T13:53:05.786Z</time>
      </trkpt>
      <trkpt lat="42.863286" lon="0.144168">
        <ele>2372.3</ele>
        <time>2025-07-06T13:54:38.281Z</time>
      </trkpt>
      <trkpt lat="42.863033" lon="0.144443">
        <ele>2376.4</ele>
        <time>2025-07-06T13:55:50.836Z</time>
      </trkpt>
      <trkpt lat="42.862649" lon="0.144447">
        <ele>2381.1</ele>
        <time>2025-07-06T13:57:16.175Z</time>
      </trkpt>
      <trkpt lat="42.862340" lon="0.144111">
        <ele>2385.6</ele>
        <time>2025-07-06T13:58:40.509Z</time>
      </trkpt>
      <trkpt lat="42.862032" lon="0.144034">
        <ele>2390.3</ele>
        <time>2025-07-06T13:59:58.543Z</time>
      </trkpt>
      <trkpt lat="42.861973" lon="0.143693">
        <ele>2394.6</ele>
        <time>2025-07-06T14:01:08.475Z</time>
      </trkpt>
      <trkpt lat="42.861677" lon="0.143299">
        <ele>2402.7</ele>
        <time>2025-07-06T14:03:16.368Z</time>
      </trkpt>
      <trkpt lat="42.861510" lon="0.142998">
        <ele>2407.6</ele>
        <time>2025-07-06T14:04:32.301Z</time>
      </trkpt>
      <trkpt lat="42.861276" lon="0.142565">
        <ele>2415.1</ele>
        <time>2025-07-06T14:06:29.533Z</time>
      </trkpt>
      <trkpt lat="42.861149" lon="0.142280">
        <ele>2420.1</ele>
        <time>2025-07-06T14:07:46.326Z</time>
      </trkpt>
      <trkpt lat="42.860879" lon="0.142269">
        <ele>2426.6</ele>
        <time>2025-07-06T14:09:19.033Z</time>
      </trkpt>
      <trkpt lat="42.860646" lon="0.142114">
        <ele>2433.3</ele>
        <time>2025-07-06T14:10:54.598Z</time>
      </trkpt>
      <trkpt lat="42.860422" lon="0.142057">
        <ele>2439.7</ele>
        <time>2025-07-06T14:12:22.031Z</time>
      </trkpt>
      <trkpt lat="42.860211" lon="0.141939">
        <ele>2447.2</ele>
        <time>2025-07-06T14:14:03.338Z</time>
      </trkpt>
      <trkpt lat="42.859872" lon="0.141518">
        <ele>2462.3</ele>
        <time>2025-07-06T14:17:23.108Z</time>
      </trkpt>
      <trkpt lat="42.859700" lon="0.141172">
        <ele>2468.4</ele>
        <time>2025-07-06T14:18:58.132Z</time>
      </trkpt>
      <trkpt lat="42.859510" lon="0.140984">
        <ele>2472.8</ele>
        <time>2025-07-06T14:20:07.733Z</time>
      </trkpt>
      <trkpt lat="42.859283" lon="0.140909">
        <ele>2477.2</ele>
        <time>2025-07-06T14:21:15.272Z</time>
      </trkpt>
      <trkpt lat="42.858865" lon="0.140579">
        <ele>2489.0</ele>
        <time>2025-07-06T14:24:02.994Z</time>
      </trkpt>
      <trkpt lat="42.858403" lon="0.140547">
        <ele>2500.9</ele>
        <time>2025-07-06T14:26:49.479Z</time>
      </trkpt>
      <trkpt lat="42.858013" lon="0.140541">
        <ele>2513.8</ele>
        <time>2025-07-06T14:29:45.918Z</time>
      </trkpt>
      <trkpt lat="42.857788" lon="0.140402">
        <ele>2515.9</ele>
        <time>2025-07-06T14:30:34.255Z</time>
      </trkpt>
      <trkpt lat="42.857321" lon="0.140542">
        <ele>2514.6</ele>
        <time>2025-07-06T14:31:29.313Z</time>
      </trkpt>
      <trkpt lat="42.857142" lon="0.140774">
        <ele>2509.6</ele>
        <time>2025-07-06T14:32:31.380Z</time>
      </trkpt>
      <trkpt lat="42.856913" lon="0.140857">
        <ele>2503.5</ele>
        <time>2025-07-06T14:33:30.407Z</time>
      </trkpt>
      <trkpt lat="42.856684" lon="0.140914">
        <ele>2497.3</ele>
        <time>2025-07-06T14:34:30.607Z</time>
      </trkpt>
      <trkpt lat="42.856212" lon="0.141137">
        <ele>2476.5</ele>
        <time>2025-07-06T14:37:23.989Z</time>
      </trkpt>
      <trkpt lat="42.856066" lon="0.141429">
        <ele>2470.4</ele>
        <time>2025-07-06T14:38:26.500Z</time>
      </trkpt>
      <trkpt lat="42.855847" lon="0.141707">
        <ele>2463.6</ele>
        <time>2025-07-06T14:39:36.264Z</time>
      </trkpt>
      <trkpt lat="42.855648" lon="0.141867">
        <ele>2457.7</ele>
        <time>2025-07-06T14:40:40.625Z</time>
      </trkpt>
      <trkpt lat="42.855477" lon="0.141924">
        <ele>2453.0</ele>
        <time>2025-07-06T14:41:30.966Z</time>
      </trkpt>
      <trkpt lat="42.855212" lon="0.142362">
        <ele>2444.8</ele>
        <time>2025-07-06T14:43:01.381Z</time>
      </trkpt>
      <trkpt lat="42.854958" lon="0.142579">
        <ele>2439.4</ele>
        <time>2025-07-06T14:44:04.077Z</time>
      </trkpt>
      <trkpt lat="42.854674" lon="0.142920">
        <ele>2433.8</ele>
        <time>2025-07-06T14:45:15.185Z</time>
      </trkpt>
      <trkpt lat="42.854456" lon="0.143119">
        <ele>2430.2</ele>
        <time>2025-07-06T14:46:02.002Z</time>
      </trkpt>
      <trkpt lat="42.854209" lon="0.143202">
        <ele>2426.8</ele>
        <time>2025-07-06T14:46:47.134Z</time>
      </trkpt>
      <trkpt lat="42.853763" lon="0.143631">
        <ele>2406.9</ele>
        <time>2025-07-06T14:49:38.454Z</time>
      </trkpt>
      <trkpt lat="42.853774" lon="0.144031">
        <ele>2410.9</ele>
        <time>2025-07-06T14:50:48.008Z</time>
      </trkpt>
      <trkpt lat="42.853634" lon="0.144349">
        <ele>2413.8</ele>
        <time>2025-07-06T14:51:44.182Z</time>
      </trkpt>
      <trkpt lat="42.853484" lon="0.144779">
        <ele>2415.6</ele>
        <time>2025-07-06T14:52:37.289Z</time>
      </trkpt>
      <trkpt lat="42.853227" lon="0.145055">
        <ele>2413.8</ele>
        <time>2025-07-06T14:53:19.613Z</time>
      </trkpt>
      <trkpt lat="42.852939" lon="0.145420">
        <ele>2412.3</ele>
        <time>2025-07-06T14:54:06.055Z</time>
      </trkpt>
      <trkpt lat="42.852650" lon="0.145780">
        <ele>2411.6</ele>
        <time>2025-07-06T14:54:49.374Z</time>
      </trkpt>
      <trkpt lat="42.852495" lon="0.146173">
        <ele>2408.7</ele>
        <time>2025-07-06T14:55:39.897Z</time>
      </trkpt>
      <trkpt lat="42.852384" lon="0.146644">
        <ele>2406.0</ele>
        <time>2025-07-06T14:56:32.265Z</time>
      </trkpt>
      <trkpt lat="42.852218" lon="0.147173">
        <ele>2403.6</ele>
        <time>2025-07-06T14:57:26.944Z</time>
      </trkpt>
      <trkpt lat="42.852059" lon="0.147440">
        <ele>2397.4</ele>
        <time>2025-07-06T14:58:28.109Z</time>
      </trkpt>
      <trkpt lat="42.851807" lon="0.147486">
        <ele>2391.0</ele>
        <time>2025-07-06T14:59:31.965Z</time>
      </trkpt>
      <trkpt lat="42.851599" lon="0.147279">
        <ele>2381.6</ele>
        <time>2025-07-06T15:00:54.622Z</time>
      </trkpt>
      <trkpt lat="42.851410" lon="0.146960">
        <ele>2370.9</ele>
        <time>2025-07-06T15:02:29.071Z</time>
      </trkpt>
      <trkpt lat="42.851286" lon="0.146536">
        <ele>2361.3</ele>
        <time>2025-07-06T15:04:01.562Z</time>
      </trkpt>
      <trkpt lat="42.851243" lon="0.146179">
        <ele>2356.6</ele>
        <time>2025-07-06T15:05:01.671Z</time>
      </trkpt>
      <trkpt lat="42.851117" lon="0.145728">
        <ele>2353.6</ele>
        <time>2025-07-06T15:05:54.136Z</time>
      </trkpt>
      <trkpt lat="42.850928" lon="0.145497">
        <ele>2347.2</ele>
        <time>2025-07-06T15:06:58.149Z</time>
      </trkpt>
      <trkpt lat="42.850637" lon="0.145180">
        <ele>2341.2</ele>
        <time>2025-07-06T15:08:10.247Z</time>
      </trkpt>
      <trkpt lat="42.850582" lon="0.144849">
        <ele>2339.4</ele>
        <time>2025-07-06T15:08:44.865Z</time>
      </trkpt>
      <trkpt lat="42.850531" lon="0.144535">
        <ele>2336.9</ele>
        <time>2025-07-06T15:09:22.822Z</time>
      </trkpt>
      <trkpt lat="42.850468" lon="0.144372">
        <ele>2333.1</ele>
        <time>2025-07-06T15:10:09.604Z</time>
      </trkpt>
      <trkpt lat="42.850281" lon="0.144086">
        <ele>2325.9</ele>
        <time>2025-07-06T15:11:20.366Z</time>
      </trkpt>
      <trkpt lat="42.850076" lon="0.143998">
        <ele>2317.4</ele>
        <time>2025-07-06T15:12:36.469Z</time>
      </trkpt>
      <trkpt lat="42.849811" lon="0.143948">
        <ele>2306.4</ele>
        <time>2025-07-06T15:14:10.921Z</time>
      </trkpt>
      <trkpt lat="42.849627" lon="0.143804">
        <ele>2297.0</ele>
        <time>2025-07-06T15:15:31.591Z</time>
      </trkpt>
      <trkpt lat="42.849409" lon="0.143731">
        <ele>2288.4</ele>
        <time>2025-07-06T15:16:45.827Z</time>
      </trkpt>
      <trkpt lat="42.849135" lon="0.143474">
        <ele>2277.1</ele>
        <time>2025-07-06T15:18:25.420Z</time>
      </trkpt>
      <trkpt lat="42.848903" lon="0.143218">
        <ele>2270.4</ele>
        <time>2025-07-06T15:19:34.476Z</time>
      </trkpt>
      <trkpt lat="42.848659" lon="0.142924">
        <ele>2263.0</ele>
        <time>2025-07-06T15:20:54.656Z</time>
      </trkpt>
      <trkpt lat="42.848404" lon="0.142731">
        <ele>2257.6</ele>
        <time>2025-07-06T15:21:54.717Z</time>
      </trkpt>
      <trkpt lat="42.848202" lon="0.142557">
        <ele>2252.0</ele>
        <time>2025-07-06T15:22:51.303Z</time>
      </trkpt>
      <trkpt lat="42.848005" lon="0.142464">
        <ele>2246.7</ele>
        <time>2025-07-06T15:23:44.621Z</time>
      </trkpt>
      <trkpt lat="42.847852" lon="0.142242">
        <ele>2241.5</ele>
        <time>2025-07-06T15:24:37.846Z</time>
      </trkpt>
      <trkpt lat="42.847563" lon="0.142275">
        <ele>2233.7</ele>
        <time>2025-07-06T15:25:55.085Z</time>
      </trkpt>
      <trkpt lat="42.847366" lon="0.142173">
        <ele>2227.3</ele>
        <time>2025-07-06T15:26:56.533Z</time>
      </trkpt>
      <trkpt lat="42.847228" lon="0.142398">
        <ele>2220.2</ele>
        <time>2025-07-06T15:28:04.155Z</time>
      </trkpt>
      <trkpt lat="42.847087" lon="0.142631">
        <ele>2215.3</ele>
        <time>2025-07-06T15:28:55.461Z</time>
      </trkpt>
      <trkpt lat="42.846991" lon="0.142957">
        <ele>2209.2</ele>
        <time>2025-07-06T15:29:58.033Z</time>
      </trkpt>
      <trkpt lat="42.846847" lon="0.143235">
        <ele>2205.8</ele>
        <time>2025-07-06T15:30:42.780Z</time>
      </trkpt>
      <trkpt lat="42.846643" lon="0.143359">
        <ele>2202.9</ele>
        <time>2025-07-06T15:31:21.895Z</time>
      </trkpt>
      <trkpt lat="42.846383" lon="0.143618">
        <ele>2197.1</ele>
        <time>2025-07-06T15:32:29.302Z</time>
      </trkpt>
      <trkpt lat="42.845982" lon="0.143584">
        <ele>2190.0</ele>
        <time>2025-07-06T15:33:51.097Z</time>
      </trkpt>
      <trkpt lat="42.845758" lon="0.143505">
        <ele>2191.8</ele>
        <time>2025-07-06T15:34:31.859Z</time>
      </trkpt>
      <trkpt lat="42.845541" lon="0.143437">
        <ele>2193.6</ele>
        <time>2025-07-06T15:35:12.480Z</time>
      </trkpt>
      <trkpt lat="42.845303" lon="0.143626">
        <ele>2191.5</ele>
        <time>2025-07-06T15:35:52.214Z</time>
      </trkpt>
      <trkpt lat="42.845110" lon="0.143831">
        <ele>2189.6</ele>
        <time>2025-07-06T15:36:27.843Z</time>
      </trkpt>
      <trkpt lat="42.844947" lon="0.144092">
        <ele>2188.0</ele>
        <time>2025-07-06T15:37:02.547Z</time>
      </trkpt>
      <trkpt lat="42.844714" lon="0.144088">
        <ele>2187.1</ele>
        <time>2025-07-06T15:37:32.052Z</time>
      </trkpt>
      <trkpt lat="42.844488" lon="0.144083">
        <ele>2186.9</ele>
        <time>2025-07-06T15:37:56.328Z</time>
      </trkpt>
      <trkpt lat="42.844258" lon="0.144225">
        <ele>2186.6</ele>
        <time>2025-07-06T15:38:22.938Z</time>
      </trkpt>
      <trkpt lat="42.843807" lon="0.144384">
        <ele>2185.5</ele>
        <time>2025-07-06T15:39:13.517Z</time>
      </trkpt>
      <trkpt lat="42.843662" lon="0.144726">
        <ele>2186.4</ele>
        <time>2025-07-06T15:39:50.280Z</time>
      </trkpt>
      <trkpt lat="42.843497" lon="0.144928">
        <ele>2187.1</ele>
        <time>2025-07-06T15:40:19.463Z</time>
      </trkpt>
      <trkpt lat="42.843201" lon="0.145187">
        <ele>2187.0</ele>
        <time>2025-07-06T15:40:54.110Z</time>
      </trkpt>
      <trkpt lat="42.842965" lon="0.145350">
        <ele>2187.4</ele>
        <time>2025-07-06T15:41:24.781Z</time>
      </trkpt>
      <trkpt lat="42.842733" lon="0.145522">
        <ele>2188.5</ele>
        <time>2025-07-06T15:42:00.366Z</time>
      </trkpt>
      <trkpt lat="42.842617" lon="0.145913">
        <ele>2190.2</ele>
        <time>2025-07-06T15:42:56.547Z</time>
      </trkpt>
      <trkpt lat="42.842645" lon="0.146230">
        <ele>2191.3</ele>
        <time>2025-07-06T15:43:30.445Z</time>
      </trkpt>
      <trkpt lat="42.842589" lon="0.146656">
        <ele>2194.3</ele>
        <time>2025-07-06T15:44:31.865Z</time>
      </trkpt>
      <trkpt lat="42.842514" lon="0.146965">
        <ele>2196.4</ele>
        <time>2025-07-06T15:45:16.591Z</time>
      </trkpt>
      <trkpt lat="42.842346" lon="0.147257">
        <ele>2197.1</ele>
        <time>2025-07-06T15:45:51.393Z</time>
      </trkpt>
      <trkpt lat="42.842185" lon="0.147721">
        <ele>2197.9</ele>
        <time>2025-07-06T15:46:36.184Z</time>
      </trkpt>
      <trkpt lat="42.842205" lon="0.148082">
        <ele>2197.7</ele>
        <time>2025-07-06T15:47:03.818Z</time>
      </trkpt>
      <trkpt lat="42.842190" lon="0.148423">
        <ele>2197.4</ele>
        <time>2025-07-06T15:47:30.762Z</time>
      </trkpt>
      <trkpt lat="42.842043" lon="0.148653">
        <ele>2196.5</ele>
        <time>2025-07-06T15:47:57.077Z</time>
      </trkpt>
      <trkpt lat="42.841821" lon="0.148959">
        <ele>2195.3</ele>
        <time>2025-07-06T15:48:34.893Z</time>
      </trkpt>
      <trkpt lat="42.841521" lon="0.149175">
        <ele>2193.8</ele>
        <time>2025-07-06T15:49:16.905Z</time>
      </trkpt>
      <trkpt lat="42.841243" lon="0.149178">
        <ele>2193.2</ele>
        <time>2025-07-06T15:49:47.783Z</time>
      </trkpt>
      <trkpt lat="42.841004" lon="0.149195">
        <ele>2192.7</ele>
        <time>2025-07-06T15:50:13.997Z</time>
      </trkpt>
      <trkpt lat="42.840755" lon="0.149321">
        <ele>2191.3</ele>
        <time>2025-07-06T15:50:47.475Z</time>
      </trkpt>
      <trkpt lat="42.840432" lon="0.149384">
        <ele>2189.7</ele>
        <time>2025-07-06T15:51:28.750Z</time>
      </trkpt>
      <trkpt lat="42.840174" lon="0.149327">
        <ele>2190.2</ele>
        <time>2025-07-06T15:52:00.213Z</time>
      </trkpt>
      <trkpt lat="42.839861" lon="0.149391">
        <ele>2190.7</ele>
        <time>2025-07-06T15:52:35.755Z</time>
      </trkpt>
      <trkpt lat="42.839684" lon="0.149701">
        <ele>2190.8</ele>
        <time>2025-07-06T15:53:05.096Z</time>
      </trkpt>
      <trkpt lat="42.839480" lon="0.149935">
        <ele>2191.4</ele>
        <time>2025-07-06T15:53:36.491Z</time>
      </trkpt>
      <trkpt lat="42.839348" lon="0.150156">
        <ele>2192.3</ele>
        <time>2025-07-06T15:54:07.374Z</time>
      </trkpt>
      <trkpt lat="42.839342" lon="0.150587">
        <ele>2192.5</ele>
        <time>2025-07-06T15:54:39.861Z</time>
      </trkpt>
      <trkpt lat="42.839219" lon="0.151248">
        <ele>2191.4</ele>
        <time>2025-07-06T15:55:34.771Z</time>
      </trkpt>
      <trkpt lat="42.839091" lon="0.151553">
        <ele>2191.9</ele>
        <time>2025-07-06T15:56:05.094Z</time>
      </trkpt>
      <trkpt lat="42.839069" lon="0.151894">
        <ele>2192.9</ele>
        <time>2025-07-06T15:56:39.124Z</time>
      </trkpt>
      <trkpt lat="42.838938" lon="0.152239">
        <ele>2195.5</ele>
        <time>2025-07-06T15:57:33.032Z</time>
      </trkpt>
      <trkpt lat="42.838880" lon="0.152561">
        <ele>2196.6</ele>
        <time>2025-07-06T15:58:08.815Z</time>
      </trkpt>
      <trkpt lat="42.838869" lon="0.152962">
        <ele>2195.9</ele>
        <time>2025-07-06T15:58:41.320Z</time>
      </trkpt>
      <trkpt lat="42.838863" lon="0.153280">
        <ele>2195.7</ele>
        <time>2025-07-06T15:59:04.642Z</time>
      </trkpt>
      <trkpt lat="42.838832" lon="0.153602">
        <ele>2195.8</ele>
        <time>2025-07-06T15:59:28.523Z</time>
      </trkpt>
      <trkpt lat="42.838875" lon="0.154004">
        <ele>2194.4</ele>
        <time>2025-07-06T16:00:05.572Z</time>
      </trkpt>
      <trkpt lat="42.838944" lon="0.154375">
        <ele>2192.4</ele>
        <time>2025-07-06T16:00:44.422Z</time>
      </trkpt>
      <trkpt lat="42.838857" lon="0.154758">
        <ele>2195.4</ele>
        <time>2025-07-06T16:01:43.115Z</time>
      </trkpt>
      <trkpt lat="42.838800" lon="0.155133">
        <ele>2197.5</ele>
        <time>2025-07-06T16:02:31.515Z</time>
      </trkpt>
      <trkpt lat="42.838764" lon="0.155523">
        <ele>2197.5</ele>
        <time>2025-07-06T16:02:59.281Z</time>
      </trkpt>
      <trkpt lat="42.838652" lon="0.155855">
        <ele>2198.3</ele>
        <time>2025-07-06T16:03:32.853Z</time>
      </trkpt>
      <trkpt lat="42.838487" lon="0.156192">
        <ele>2199.5</ele>
        <time>2025-07-06T16:04:13.567Z</time>
      </trkpt>
      <trkpt lat="42.838299" lon="0.156439">
        <ele>2199.7</ele>
        <time>2025-07-06T16:04:43.466Z</time>
      </trkpt>
      <trkpt lat="42.838264" lon="0.156783">
        <ele>2199.9</ele>
        <time>2025-07-06T16:05:09.577Z</time>
      </trkpt>
      <trkpt lat="42.838190" lon="0.157111">
        <ele>2199.3</ele>
        <time>2025-07-06T16:05:37.443Z</time>
      </trkpt>
      <trkpt lat="42.838096" lon="0.157736">
        <ele>2199.3</ele>
        <time>2025-07-06T16:06:22.372Z</time>
      </trkpt>
      <trkpt lat="42.838015" lon="0.158115">
        <ele>2199.7</ele>
        <time>2025-07-06T16:06:55.017Z</time>
      </trkpt>
      <trkpt lat="42.837777" lon="0.158968">
        <ele>2200.7</ele>
        <time>2025-07-06T16:08:08.695Z</time>
      </trkpt>
      <trkpt lat="42.837474" lon="0.159599">
        <ele>2198.7</ele>
        <time>2025-07-06T16:09:13.885Z</time>
      </trkpt>
      <trkpt lat="42.837142" lon="0.160368">
        <ele>2194.0</ele>
        <time>2025-07-06T16:10:44.742Z</time>
      </trkpt>
      <trkpt lat="42.836806" lon="0.160853">
        <ele>2191.6</ele>
        <time>2025-07-06T16:11:45.766Z</time>
      </trkpt>
      <trkpt lat="42.836595" lon="0.161157">
        <ele>2190.1</ele>
        <time>2025-07-06T16:12:24.112Z</time>
      </trkpt>
      <trkpt lat="42.836404" lon="0.161416">
        <ele>2188.7</ele>
        <time>2025-07-06T16:12:57.903Z</time>
      </trkpt>
      <trkpt lat="42.836064" lon="0.161776">
        <ele>2188.8</ele>
        <time>2025-07-06T16:13:41.932Z</time>
      </trkpt>
      <trkpt lat="42.835710" lon="0.161824">
        <ele>2189.4</ele>
        <time>2025-07-06T16:14:21.361Z</time>
      </trkpt>
      <trkpt lat="42.835481" lon="0.162096">
        <ele>2190.5</ele>
        <time>2025-07-06T16:15:02.230Z</time>
      </trkpt>
      <trkpt lat="42.835318" lon="0.162407">
        <ele>2192.8</ele>
        <time>2025-07-06T16:15:52.974Z</time>
      </trkpt>
      <trkpt lat="42.835206" lon="0.162662">
        <ele>2194.8</ele>
        <time>2025-07-06T16:16:34.699Z</time>
      </trkpt>
      <trkpt lat="42.835072" lon="0.162919">
        <ele>2196.9</ele>
        <time>2025-07-06T16:17:18.337Z</time>
      </trkpt>
      <trkpt lat="42.834939" lon="0.163308">
        <ele>2199.9</ele>
        <time>2025-07-06T16:18:19.403Z</time>
      </trkpt>
      <trkpt lat="42.834905" lon="0.163668">
        <ele>2202.8</ele>
        <time>2025-07-06T16:19:14.913Z</time>
      </trkpt>
      <trkpt lat="42.834812" lon="0.164311">
        <ele>2206.5</ele>
        <time>2025-07-06T16:20:39.549Z</time>
      </trkpt>
      <trkpt lat="42.834669" lon="0.164660">
        <ele>2208.4</ele>
        <time>2025-07-06T16:21:26.510Z</time>
      </trkpt>
      <trkpt lat="42.834627" lon="0.165075">
        <ele>2205.2</ele>
        <time>2025-07-06T16:22:14.681Z</time>
      </trkpt>
      <trkpt lat="42.834515" lon="0.165585">
        <ele>2201.5</ele>
        <time>2025-07-06T16:23:14.156Z</time>
      </trkpt>
      <trkpt lat="42.834283" lon="0.166058">
        <ele>2197.7</ele>
        <time>2025-07-06T16:24:17.304Z</time>
      </trkpt>
      <trkpt lat="42.834083" lon="0.166427">
        <ele>2196.1</ele>
        <time>2025-07-06T16:25:00.421Z</time>
      </trkpt>
      <trkpt lat="42.833911" lon="0.166729">
        <ele>2194.8</ele>
        <time>2025-07-06T16:25:35.165Z</time>
      </trkpt>
      <trkpt lat="42.833741" lon="0.167028">
        <ele>2193.5</ele>
        <time>2025-07-06T16:26:09.995Z</time>
      </trkpt>
      <trkpt lat="42.833513" lon="0.167719">
        <ele>2192.2</ele>
        <time>2025-07-06T16:27:11.034Z</time>
      </trkpt>
      <trkpt lat="42.833395" lon="0.168186">
        <ele>2191.7</ele>
        <time>2025-07-06T16:27:48.737Z</time>
      </trkpt>
      <trkpt lat="42.833352" lon="0.168754">
        <ele>2190.8</ele>
        <time>2025-07-06T16:28:33.722Z</time>
      </trkpt>
      <trkpt lat="42.833286" lon="0.169076">
        <ele>2186.4</ele>
        <time>2025-07-06T16:29:23.379Z</time>
      </trkpt>
      <trkpt lat="42.833170" lon="0.169391">
        <ele>2181.8</ele>
        <time>2025-07-06T16:30:15.471Z</time>
      </trkpt>
      <trkpt lat="42.833046" lon="0.169721">
        <ele>2174.3</ele>
        <time>2025-07-06T16:31:26.905Z</time>
      </trkpt>
      <trkpt lat="42.832942" lon="0.170018">
        <ele>2167.5</ele>
        <time>2025-07-06T16:32:30.496Z</time>
      </trkpt>
      <trkpt lat="42.832862" lon="0.170304">
        <ele>2162.0</ele>
        <time>2025-07-06T16:33:24.913Z</time>
      </trkpt>
      <trkpt lat="42.832801" lon="0.170626">
        <ele>2156.0</ele>
        <time>2025-07-06T16:34:25.473Z</time>
      </trkpt>
      <trkpt lat="42.832797" lon="0.170963">
        <ele>2151.3</ele>
        <time>2025-07-06T16:35:16.805Z</time>
      </trkpt>
      <trkpt lat="42.832689" lon="0.171263">
        <ele>2146.7</ele>
        <time>2025-07-06T16:36:08.453Z</time>
      </trkpt>
      <trkpt lat="42.832616" lon="0.171598">
        <ele>2144.3</ele>
        <time>2025-07-06T16:36:47.532Z</time>
      </trkpt>
      <trkpt lat="42.832555" lon="0.171980">
        <ele>2141.9</ele>
        <time>2025-07-06T16:37:29.828Z</time>
      </trkpt>
      <trkpt lat="42.832449" lon="0.172265">
        <ele>2140.4</ele>
        <time>2025-07-06T16:38:01.755Z</time>
      </trkpt>
      <trkpt lat="42.832470" lon="0.172581">
        <ele>2139.1</ele>
        <time>2025-07-06T16:38:31.831Z</time>
      </trkpt>
      <trkpt lat="42.832412" lon="0.172882">
        <ele>2138.0</ele>
        <time>2025-07-06T16:38:59.736Z</time>
      </trkpt>
      <trkpt lat="42.832221" lon="0.173145">
        <ele>2139.6</ele>
        <time>2025-07-06T16:39:41.734Z</time>
      </trkpt>
      <trkpt lat="42.832289" lon="0.173452">
        <ele>2145.1</ele>
        <time>2025-07-06T16:41:04.870Z</time>
      </trkpt>
      <trkpt lat="42.832213" lon="0.173812">
        <ele>2143.6</ele>
        <time>2025-07-06T16:41:41.319Z</time>
      </trkpt>
      <trkpt lat="42.831994" lon="0.174010">
        <ele>2139.3</ele>
        <time>2025-07-06T16:42:32.464Z</time>
      </trkpt>
      <trkpt lat="42.831699" lon="0.174416">
        <ele>2134.8</ele>
        <time>2025-07-06T16:43:39.534Z</time>
      </trkpt>
      <trkpt lat="42.831574" lon="0.174790">
        <ele>2140.7</ele>
        <time>2025-07-06T16:45:09.586Z</time>
      </trkpt>
      <trkpt lat="42.831516" lon="0.175171">
        <ele>2150.4</ele>
        <time>2025-07-06T16:47:17.173Z</time>
      </trkpt>
      <trkpt lat="42.831252" lon="0.175681">
        <ele>2154.4</ele>
        <time>2025-07-06T16:48:41.230Z</time>
      </trkpt>
      <trkpt lat="42.831135" lon="0.175982">
        <ele>2155.8</ele>
        <time>2025-07-06T16:49:21.009Z</time>
      </trkpt>
      <trkpt lat="42.830882" lon="0.176289">
        <ele>2157.6</ele>
        <time>2025-07-06T16:50:12.074Z</time>
      </trkpt>
      <trkpt lat="42.830741" lon="0.176576">
        <ele>2159.5</ele>
        <time>2025-07-06T16:50:56.204Z</time>
      </trkpt>
      <trkpt lat="42.830536" lon="0.176826">
        <ele>2161.6</ele>
        <time>2025-07-06T16:51:44.139Z</time>
      </trkpt>
      <trkpt lat="42.830296" lon="0.177025">
        <ele>2158.8</ele>
        <time>2025-07-06T16:52:28.079Z</time>
      </trkpt>
      <trkpt lat="42.830013" lon="0.177176">
        <ele>2157.7</ele>
        <time>2025-07-06T16:53:03.442Z</time>
      </trkpt>
      <trkpt lat="42.829834" lon="0.177392">
        <ele>2159.3</ele>
        <time>2025-07-06T16:53:42.354Z</time>
      </trkpt>
      <trkpt lat="42.829637" lon="0.177549">
        <ele>2161.5</ele>
        <time>2025-07-06T16:54:26.751Z</time>
      </trkpt>
      <trkpt lat="42.829458" lon="0.177849">
        <ele>2166.2</ele>
        <time>2025-07-06T16:55:41.762Z</time>
      </trkpt>
      <trkpt lat="42.829321" lon="0.178266">
        <ele>2172.4</ele>
        <time>2025-07-06T16:57:18.008Z</time>
      </trkpt>
      <trkpt lat="42.829134" lon="0.178595">
        <ele>2178.5</ele>
        <time>2025-07-06T16:58:50.331Z</time>
      </trkpt>
      <trkpt lat="42.828895" lon="0.178867">
        <ele>2180.6</ele>
        <time>2025-07-06T16:59:41.377Z</time>
      </trkpt>
      <trkpt lat="42.828664" lon="0.179288">
        <ele>2182.9</ele>
        <time>2025-07-06T17:00:42.096Z</time>
      </trkpt>
      <trkpt lat="42.828393" lon="0.179575">
        <ele>2184.9</ele>
        <time>2025-07-06T17:01:35.942Z</time>
      </trkpt>
      <trkpt lat="42.828228" lon="0.179831">
        <ele>2191.6</ele>
        <time>2025-07-06T17:03:08.510Z</time>
      </trkpt>
      <trkpt lat="42.828208" lon="0.180137">
        <ele>2197.8</ele>
        <time>2025-07-06T17:04:34.354Z</time>
      </trkpt>
      <trkpt lat="42.828152" lon="0.180401">
        <ele>2201.2</ele>
        <time>2025-07-06T17:05:31.026Z</time>
      </trkpt>
      <trkpt lat="42.827874" lon="0.180649">
        <ele>2206.3</ele>
        <time>2025-07-06T17:06:55.686Z</time>
      </trkpt>
      <trkpt lat="42.827636" lon="0.181052">
        <ele>2213.7</ele>
        <time>2025-07-06T17:08:48.251Z</time>
      </trkpt>
      <trkpt lat="42.827498" lon="0.181453">
        <ele>2218.7</ele>
        <time>2025-07-06T17:10:10.730Z</time>
      </trkpt>
      <trkpt lat="42.827378" lon="0.181772">
        <ele>2222.3</ele>
        <time>2025-07-06T17:11:13.102Z</time>
      </trkpt>
      <trkpt lat="42.827205" lon="0.181971">
        <ele>2222.0</ele>
        <time>2025-07-06T17:11:36.165Z</time>
      </trkpt>
      <trkpt lat="42.827004" lon="0.182645">
        <ele>2221.5</ele>
        <time>2025-07-06T17:12:30.347Z</time>
      </trkpt>
      <trkpt lat="42.826860" lon="0.183034">
        <ele>2218.0</ele>
        <time>2025-07-06T17:13:21.892Z</time>
      </trkpt>
      <trkpt lat="42.826780" lon="0.183494">
        <ele>2217.7</ele>
        <time>2025-07-06T17:13:57.043Z</time>
      </trkpt>
      <trkpt lat="42.826799" lon="0.183874">
        <ele>2219.4</ele>
        <time>2025-07-06T17:14:41.265Z</time>
      </trkpt>
      <trkpt lat="42.826895" lon="0.184150">
        <ele>2221.9</ele>
        <time>2025-07-06T17:15:28.527Z</time>
      </trkpt>
      <trkpt lat="42.827103" lon="0.184316">
        <ele>2224.6</ele>
        <time>2025-07-06T17:16:19.229Z</time>
      </trkpt>
      <trkpt lat="42.827284" lon="0.184520">
        <ele>2222.1</ele>
        <time>2025-07-06T17:16:56.388Z</time>
      </trkpt>
      <trkpt lat="42.827394" lon="0.184860">
        <ele>2218.3</ele>
        <time>2025-07-06T17:17:46.347Z</time>
      </trkpt>
      <trkpt lat="42.827591" lon="0.185188">
        <ele>2210.6</ele>
        <time>2025-07-06T17:19:02.365Z</time>
      </trkpt>
      <trkpt lat="42.827696" lon="0.185571">
        <ele>2202.8</ele>
        <time>2025-07-06T17:20:18.166Z</time>
      </trkpt>
      <trkpt lat="42.827841" lon="0.185875">
        <ele>2195.9</ele>
        <time>2025-07-06T17:21:25.050Z</time>
      </trkpt>
      <trkpt lat="42.827951" lon="0.186205">
        <ele>2189.6</ele>
        <time>2025-07-06T17:22:28.726Z</time>
      </trkpt>
      <trkpt lat="42.828038" lon="0.186494">
        <ele>2184.2</ele>
        <time>2025-07-06T17:23:23.761Z</time>
      </trkpt>
      <trkpt lat="42.828046" lon="0.186820">
        <ele>2178.9</ele>
        <time>2025-07-06T17:24:20.001Z</time>
      </trkpt>
      <trkpt lat="42.828129" lon="0.187150">
        <ele>2173.6</ele>
        <time>2025-07-06T17:25:16.024Z</time>
      </trkpt>
      <trkpt lat="42.828109" lon="0.187523">
        <ele>2169.3</ele>
        <time>2025-07-06T17:26:08.265Z</time>
      </trkpt>
      <trkpt lat="42.828080" lon="0.188081">
        <ele>2163.0</ele>
        <time>2025-07-06T17:27:25.073Z</time>
      </trkpt>
      <trkpt lat="42.828001" lon="0.188416">
        <ele>2159.2</ele>
        <time>2025-07-06T17:28:13.003Z</time>
      </trkpt>
      <trkpt lat="42.827933" lon="0.188765">
        <ele>2154.7</ele>
        <time>2025-07-06T17:29:05.110Z</time>
      </trkpt>
      <trkpt lat="42.828005" lon="0.189080">
        <ele>2150.5</ele>
        <time>2025-07-06T17:29:54.038Z</time>
      </trkpt>
      <trkpt lat="42.827978" lon="0.189438">
        <ele>2144.3</ele>
        <time>2025-07-06T17:30:57.137Z</time>
      </trkpt>
      <trkpt lat="42.827997" lon="0.189788">
        <ele>2137.9</ele>
        <time>2025-07-06T17:32:00.200Z</time>
      </trkpt>
      <trkpt lat="42.827901" lon="0.190059">
        <ele>2131.4</ele>
        <time>2025-07-06T17:33:01.233Z</time>
      </trkpt>
      <trkpt lat="42.827897" lon="0.190496">
        <ele>2121.7</ele>
        <time>2025-07-06T17:34:31.303Z</time>
      </trkpt>
      <trkpt lat="42.827816" lon="0.190768">
        <ele>2114.1</ele>
        <time>2025-07-06T17:35:39.340Z</time>
      </trkpt>
      <trkpt lat="42.827829" lon="0.191067">
        <ele>2107.1</ele>
        <time>2025-07-06T17:36:42.472Z</time>
      </trkpt>
      <trkpt lat="42.827746" lon="0.191419">
        <ele>2098.2</ele>
        <time>2025-07-06T17:38:05.533Z</time>
      </trkpt>
      <trkpt lat="42.827743" lon="0.191875">
        <ele>2088.5</ele>
        <time>2025-07-06T17:39:35.648Z</time>
      </trkpt>
      <trkpt lat="42.827770" lon="0.192332">
        <ele>2078.9</ele>
        <time>2025-07-06T17:41:05.668Z</time>
      </trkpt>
      <trkpt lat="42.827767" lon="0.192649">
        <ele>2075.3</ele>
        <time>2025-07-06T17:41:49.016Z</time>
      </trkpt>
      <trkpt lat="42.827831" lon="0.193093">
        <ele>2070.3</ele>
        <time>2025-07-06T17:42:51.304Z</time>
      </trkpt>
      <trkpt lat="42.827952" lon="0.193485">
        <ele>2063.1</ele>
        <time>2025-07-06T17:44:04.120Z</time>
      </trkpt>
      <trkpt lat="42.828066" lon="0.193777">
        <ele>2057.2</ele>
        <time>2025-07-06T17:45:05.098Z</time>
      </trkpt>
      <trkpt lat="42.828223" lon="0.193828">
        <ele>2051.6</ele>
        <time>2025-07-06T17:46:02.738Z</time>
      </trkpt>
      <trkpt lat="42.828401" lon="0.193865">
        <ele>2041.7</ele>
        <time>2025-07-06T17:47:28.858Z</time>
      </trkpt>
      <trkpt lat="42.828559" lon="0.194067">
        <ele>2030.3</ele>
        <time>2025-07-06T17:49:00.534Z</time>
      </trkpt>
      <trkpt lat="42.828699" lon="0.194232">
        <ele>2018.5</ele>
        <time>2025-07-06T17:50:34.932Z</time>
      </trkpt>
      <trkpt lat="42.828849" lon="0.194372">
        <ele>2007.0</ele>
        <time>2025-07-06T17:52:06.187Z</time>
      </trkpt>
      <trkpt lat="42.829020" lon="0.194319">
        <ele>1998.5</ele>
        <time>2025-07-06T17:53:19.151Z</time>
      </trkpt>
      <trkpt lat="42.829229" lon="0.194188">
        <ele>1990.3</ele>
        <time>2025-07-06T17:54:31.908Z</time>
      </trkpt>
      <trkpt lat="42.829442" lon="0.194276">
        <ele>1982.4</ele>
        <time>2025-07-06T17:55:44.335Z</time>
      </trkpt>
      <trkpt lat="42.829645" lon="0.194262">
        <ele>1975.3</ele>
        <time>2025-07-06T17:56:49.683Z</time>
      </trkpt>
      <trkpt lat="42.829787" lon="0.194089">
        <ele>1965.9</ele>
        <time>2025-07-06T17:58:16.032Z</time>
      </trkpt>
      <trkpt lat="42.829985" lon="0.194265">
        <ele>1958.6</ele>
        <time>2025-07-06T17:59:23.630Z</time>
      </trkpt>
      <trkpt lat="42.830348" lon="0.194401">
        <ele>1946.0</ele>
        <time>2025-07-06T18:01:15.055Z</time>
      </trkpt>
      <trkpt lat="42.830531" lon="0.194584">
        <ele>1937.2</ele>
        <time>2025-07-06T18:02:29.849Z</time>
      </trkpt>
      <trkpt lat="42.830566" lon="0.194909">
        <ele>1926.3</ele>
        <time>2025-07-06T18:03:58.537Z</time>
      </trkpt>
      <trkpt lat="42.830774" lon="0.195059">
        <ele>1917.6</ele>
        <time>2025-07-06T18:05:13.736Z</time>
      </trkpt>
      <trkpt lat="42.830895" lon="0.195303">
        <ele>1910.9</ele>
        <time>2025-07-06T18:06:17.849Z</time>
      </trkpt>
      <trkpt lat="42.831049" lon="0.195588">
        <ele>1904.2</ele>
        <time>2025-07-06T18:07:22.854Z</time>
      </trkpt>
      <trkpt lat="42.831245" lon="0.195726">
        <ele>1898.1</ele>
        <time>2025-07-06T18:08:22.310Z</time>
      </trkpt>
      <trkpt lat="42.831411" lon="0.195789">
        <ele>1893.3</ele>
        <time>2025-07-06T18:09:15.241Z</time>
      </trkpt>
      <trkpt lat="42.831652" lon="0.195771">
        <ele>1891.0</ele>
        <time>2025-07-06T18:09:52.318Z</time>
      </trkpt>
      <trkpt lat="42.831657" lon="0.196004">
        <ele>1886.4</ele>
        <time>2025-07-06T18:10:41.658Z</time>
      </trkpt>
      <trkpt lat="42.831765" lon="0.196141">
        <ele>1878.1</ele>
        <time>2025-07-06T18:11:54.973Z</time>
      </trkpt>
      <trkpt lat="42.831595" lon="0.196452">
        <ele>1865.9</ele>
        <time>2025-07-06T18:13:35.095Z</time>
      </trkpt>
      <trkpt lat="42.831559" lon="0.196751">
        <ele>1854.8</ele>
        <time>2025-07-06T18:15:04.428Z</time>
      </trkpt>
      <trkpt lat="42.831415" lon="0.197107">
        <ele>1844.5</ele>
        <time>2025-07-06T18:16:34.771Z</time>
      </trkpt>
      <trkpt lat="42.831209" lon="0.197395">
        <ele>1836.9</ele>
        <time>2025-07-06T18:17:49.382Z</time>
      </trkpt>
      <trkpt lat="42.831021" lon="0.197712">
        <ele>1833.6</ele>
        <time>2025-07-06T18:18:37.751Z</time>
      </trkpt>
      <trkpt lat="42.831285" lon="0.197626">
        <ele>1830.7</ele>
        <time>2025-07-06T18:19:21.273Z</time>
      </trkpt>
      <trkpt lat="42.831577" lon="0.197431">
        <ele>1831.8</ele>
        <time>2025-07-06T18:20:04.126Z</time>
      </trkpt>
      <trkpt lat="42.831773" lon="0.197252">
        <ele>1832.5</ele>
        <time>2025-07-06T18:20:34.240Z</time>
      </trkpt>
      <trkpt lat="42.831967" lon="0.197072">
        <ele>1832.9</ele>
        <time>2025-07-06T18:21:02.557Z</time>
      </trkpt>
      <trkpt lat="42.832221" lon="0.197133">
        <ele>1831.9</ele>
        <time>2025-07-06T18:21:32.722Z</time>
      </trkpt>
      <trkpt lat="42.832613" lon="0.197113">
        <ele>1827.0</ele>
        <time>2025-07-06T18:22:40.091Z</time>
      </trkpt>
      <trkpt lat="42.832922" lon="0.197033">
        <ele>1825.9</ele>
        <time>2025-07-06T18:23:16.230Z</time>
      </trkpt>
      <trkpt lat="42.833247" lon="0.196865">
        <ele>1825.4</ele>
        <time>2025-07-06T18:23:52.728Z</time>
      </trkpt>
      <trkpt lat="42.833519" lon="0.196720">
        <ele>1825.8</ele>
        <time>2025-07-06T18:24:25.059Z</time>
      </trkpt>
      <trkpt lat="42.833889" lon="0.196700">
        <ele>1827.5</ele>
        <time>2025-07-06T18:25:18.481Z</time>
      </trkpt>
      <trkpt lat="42.834136" lon="0.196560">
        <ele>1829.2</ele>
        <time>2025-07-06T18:26:00.954Z</time>
      </trkpt>
      <trkpt lat="42.834410" lon="0.196369">
        <ele>1835.1</ele>
        <time>2025-07-06T18:27:31.004Z</time>
      </trkpt>
      <trkpt lat="42.834691" lon="0.196381">
        <ele>1838.0</ele>
        <time>2025-07-06T18:28:27.900Z</time>
      </trkpt>
      <trkpt lat="42.834907" lon="0.196483">
        <ele>1834.9</ele>
        <time>2025-07-06T18:29:07.981Z</time>
      </trkpt>
      <trkpt lat="42.835207" lon="0.196519">
        <ele>1832.4</ele>
        <time>2025-07-06T18:29:52.040Z</time>
      </trkpt>
      <trkpt lat="42.835453" lon="0.196553">
        <ele>1832.8</ele>
        <time>2025-07-06T18:30:20.005Z</time>
      </trkpt>
      <trkpt lat="42.835697" lon="0.196461">
        <ele>1833.0</ele>
        <time>2025-07-06T18:30:46.472Z</time>
      </trkpt>
      <trkpt lat="42.835949" lon="0.196437">
        <ele>1833.0</ele>
        <time>2025-07-06T18:31:10.732Z</time>
      </trkpt>
      <trkpt lat="42.836196" lon="0.196636">
        <ele>1832.9</ele>
        <time>2025-07-06T18:31:39.192Z</time>
      </trkpt>
      <trkpt lat="42.836423" lon="0.196527">
        <ele>1832.6</ele>
        <time>2025-07-06T18:32:06.091Z</time>
      </trkpt>
      <trkpt lat="42.836646" lon="0.196407">
        <ele>1832.2</ele>
        <time>2025-07-06T18:32:33.350Z</time>
      </trkpt>
      <trkpt lat="42.836955" lon="0.196408">
        <ele>1831.6</ele>
        <time>2025-07-06T18:33:07.179Z</time>
      </trkpt>
      <trkpt lat="42.837213" lon="0.196324">
        <ele>1830.9</ele>
        <time>2025-07-06T18:33:36.749Z</time>
      </trkpt>
      <trkpt lat="42.837497" lon="0.196355">
        <ele>1830.1</ele>
        <time>2025-07-06T18:34:08.585Z</time>
      </trkpt>
      <trkpt lat="42.837840" lon="0.196344">
        <ele>1830.5</ele>
        <time>2025-07-06T18:34:44.947Z</time>
      </trkpt>
      <trkpt lat="42.838087" lon="0.196252">
        <ele>1831.1</ele>
        <time>2025-07-06T18:35:16.133Z</time>
      </trkpt>
      <trkpt lat="42.838322" lon="0.196141">
        <ele>1832.8</ele>
        <time>2025-07-06T18:35:57.711Z</time>
      </trkpt>
      <trkpt lat="42.838698" lon="0.196004">
        <ele>1835.5</ele>
        <time>2025-07-06T18:37:01.673Z</time>
      </trkpt>
      <trkpt lat="42.839014" lon="0.195922">
        <ele>1837.5</ele>
        <time>2025-07-06T18:37:53.793Z</time>
      </trkpt>
      <trkpt lat="42.839324" lon="0.195902">
        <ele>1838.3</ele>
        <time>2025-07-06T18:38:30.937Z</time>
      </trkpt>
      <trkpt lat="42.839663" lon="0.195880">
        <ele>1837.9</ele>
        <time>2025-07-06T18:39:05.586Z</time>
      </trkpt>
      <trkpt lat="42.839916" lon="0.196061">
        <ele>1836.8</ele>
        <time>2025-07-06T18:39:40.132Z</time>
      </trkpt>
      <trkpt lat="42.839972" lon="0.196434">
        <ele>1832.7</ele>
        <time>2025-07-06T18:40:33.164Z</time>
      </trkpt>
      <trkpt lat="42.840014" lon="0.196693">
        <ele>1830.1</ele>
        <time>2025-07-06T18:41:10.441Z</time>
      </trkpt>
      <trkpt lat="42.839897" lon="0.196952">
        <ele>1827.8</ele>
        <time>2025-07-06T18:42:01.256Z</time>
      </trkpt>
      <trkpt lat="42.839724" lon="0.197279">
        <ele>1824.8</ele>
        <time>2025-07-06T18:42:51.226Z</time>
      </trkpt>
      <trkpt lat="42.839597" lon="0.197644">
        <ele>1824.5</ele>
        <time>2025-07-06T18:43:22.042Z</time>
      </trkpt>
      <trkpt lat="42.839762" lon="0.197790">
        <ele>1825.8</ele>
        <time>2025-07-06T18:43:59.241Z</time>
      </trkpt>
      <trkpt lat="42.839767" lon="0.198124">
        <ele>1829.1</ele>
        <time>2025-07-06T18:44:59.991Z</time>
      </trkpt>
      <trkpt lat="42.840015" lon="0.198548">
        <ele>1835.0</ele>
        <time>2025-07-06T18:46:40.503Z</time>
      </trkpt>
      <trkpt lat="42.840035" lon="0.198917">
        <ele>1840.0</ele>
        <time>2025-07-06T18:47:57.856Z</time>
      </trkpt>
      <trkpt lat="42.840151" lon="0.199213">
        <ele>1845.9</ele>
        <time>2025-07-06T18:49:24.317Z</time>
      </trkpt>
      <trkpt lat="42.840295" lon="0.199525">
        <ele>1854.2</ele>
        <time>2025-07-06T18:51:17.379Z</time>
      </trkpt>
      <trkpt lat="42.840477" lon="0.199737">
        <ele>1860.3</ele>
        <time>2025-07-06T18:52:43.607Z</time>
      </trkpt>
      <trkpt lat="42.840617" lon="0.199957">
        <ele>1865.6</ele>
        <time>2025-07-06T18:54:00.535Z</time>
      </trkpt>
      <trkpt lat="42.840469" lon="0.200156">
        <ele>1872.0</ele>
        <time>2025-07-06T18:55:29.123Z</time>
      </trkpt>
      <trkpt lat="42.840395" lon="0.200436">
        <ele>1878.0</ele>
        <time>2025-07-06T18:56:52.146Z</time>
      </trkpt>
      <trkpt lat="42.840258" lon="0.200673">
        <ele>1882.1</ele>
        <time>2025-07-06T18:57:57.701Z</time>
      </trkpt>
      <trkpt lat="42.840083" lon="0.200836">
        <ele>1885.8</ele>
        <time>2025-07-06T18:58:57.681Z</time>
      </trkpt>
      <trkpt lat="42.839886" lon="0.200964">
        <ele>1888.6</ele>
        <time>2025-07-06T18:59:47.769Z</time>
      </trkpt>
      <trkpt lat="42.839713" lon="0.201180">
        <ele>1891.4</ele>
        <time>2025-07-06T19:00:39.320Z</time>
      </trkpt>
      <trkpt lat="42.839490" lon="0.201381">
        <ele>1895.0</ele>
        <time>2025-07-06T19:01:42.033Z</time>
      </trkpt>
      <trkpt lat="42.839272" lon="0.201595">
        <ele>1898.7</ele>
        <time>2025-07-06T19:02:46.530Z</time>
      </trkpt>
      <trkpt lat="42.839096" lon="0.201766">
        <ele>1903.6</ele>
        <time>2025-07-06T19:03:59.713Z</time>
      </trkpt>
      <trkpt lat="42.838920" lon="0.202030">
        <ele>1909.0</ele>
        <time>2025-07-06T19:05:20.660Z</time>
      </trkpt>
      <trkpt lat="42.838688" lon="0.202210">
        <ele>1909.9</ele>
        <time>2025-07-06T19:05:56.802Z</time>
      </trkpt>
      <trkpt lat="42.838501" lon="0.202341">
        <ele>1911.7</ele>
        <time>2025-07-06T19:06:36.567Z</time>
      </trkpt>
      <trkpt lat="42.838284" lon="0.202449">
        <ele>1917.1</ele>
        <time>2025-07-06T19:07:56.506Z</time>
      </trkpt>
      <trkpt lat="42.838153" lon="0.202681">
        <ele>1921.0</ele>
        <time>2025-07-06T19:08:58.362Z</time>
      </trkpt>
      <trkpt lat="42.837960" lon="0.202807">
        <ele>1922.9</ele>
        <time>2025-07-06T19:09:39.039Z</time>
      </trkpt>
      <trkpt lat="42.837752" lon="0.202928">
        <ele>1925.3</ele>
        <time>2025-07-06T19:10:28.045Z</time>
      </trkpt>
      <trkpt lat="42.837562" lon="0.203076">
        <ele>1928.4</ele>
        <time>2025-07-06T19:11:23.753Z</time>
      </trkpt>
      <trkpt lat="42.837348" lon="0.203234">
        <ele>1931.6</ele>
        <time>2025-07-06T19:12:19.979Z</time>
      </trkpt>
      <trkpt lat="42.837111" lon="0.203494">
        <ele>1935.8</ele>
        <time>2025-07-06T19:13:32.240Z</time>
      </trkpt>
      <trkpt lat="42.836857" lon="0.203754">
        <ele>1940.6</ele>
        <time>2025-07-06T19:14:51.831Z</time>
      </trkpt>
      <trkpt lat="42.836643" lon="0.203985">
        <ele>1945.0</ele>
        <time>2025-07-06T19:16:03.027Z</time>
      </trkpt>
      <trkpt lat="42.836630" lon="0.204243">
        <ele>1952.4</ele>
        <time>2025-07-06T19:17:40.917Z</time>
      </trkpt>
      <trkpt lat="42.836855" lon="0.204221">
        <ele>1959.7</ele>
        <time>2025-07-06T19:19:18.236Z</time>
      </trkpt>
      <trkpt lat="42.837111" lon="0.204162">
        <ele>1964.4</ele>
        <time>2025-07-06T19:20:30.837Z</time>
      </trkpt>
      <trkpt lat="42.837532" lon="0.204065">
        <ele>1972.0</ele>
        <time>2025-07-06T19:22:29.674Z</time>
      </trkpt>
      <trkpt lat="42.837747" lon="0.204193">
        <ele>1980.5</ele>
        <time>2025-07-06T19:24:20.006Z</time>
      </trkpt>
      <trkpt lat="42.838097" lon="0.204268">
        <ele>1993.3</ele>
        <time>2025-07-06T19:27:05.870Z</time>
      </trkpt>
      <trkpt lat="42.838428" lon="0.204184">
        <ele>1997.8</ele>
        <time>2025-07-06T19:28:23.801Z</time>
      </trkpt>
      <trkpt lat="42.838736" lon="0.204175">
        <ele>2001.8</ele>
        <time>2025-07-06T19:29:34.135Z</time>
      </trkpt>
      <trkpt lat="42.838962" lon="0.204188">
        <ele>2005.5</ele>
        <time>2025-07-06T19:30:34.458Z</time>
      </trkpt>
      <trkpt lat="42.839236" lon="0.204150">
        <ele>2010.2</ele>
        <time>2025-07-06T19:31:50.122Z</time>
      </trkpt>
      <trkpt lat="42.839448" lon="0.204309">
        <ele>2018.4</ele>
        <time>2025-07-06T19:33:41.137Z</time>
      </trkpt>
      <trkpt lat="42.839731" lon="0.204389">
        <ele>2025.2</ele>
        <time>2025-07-06T19:35:18.048Z</time>
      </trkpt>
      <trkpt lat="42.839946" lon="0.204389">
        <ele>2028.1</ele>
        <time>2025-07-06T19:36:09.514Z</time>
      </trkpt>
      <trkpt lat="42.840214" lon="0.204338">
        <ele>2032.1</ele>
        <time>2025-07-06T19:37:16.568Z</time>
      </trkpt>
      <trkpt lat="42.840438" lon="0.204477">
        <ele>2036.5</ele>
        <time>2025-07-06T19:38:27.641Z</time>
      </trkpt>
      <trkpt lat="42.840751" lon="0.204697">
        <ele>2042.4</ele>
        <time>2025-07-06T19:40:02.462Z</time>
      </trkpt>
      <trkpt lat="42.840996" lon="0.204995">
        <ele>2048.0</ele>
        <time>2025-07-06T19:41:30.769Z</time>
      </trkpt>
      <trkpt lat="42.841104" lon="0.205360">
        <ele>2053.5</ele>
        <time>2025-07-06T19:42:55.411Z</time>
      </trkpt>
      <trkpt lat="42.841245" lon="0.205733">
        <ele>2059.5</ele>
        <time>2025-07-06T19:44:26.927Z</time>
      </trkpt>
      <trkpt lat="42.841394" lon="0.206103">
        <ele>2065.8</ele>
        <time>2025-07-06T19:46:00.536Z</time>
      </trkpt>
      <trkpt lat="42.841542" lon="0.206408">
        <ele>2071.2</ele>
        <time>2025-07-06T19:47:21.757Z</time>
      </trkpt>
      <trkpt lat="42.841688" lon="0.206691">
        <ele>2077.3</ele>
        <time>2025-07-06T19:48:48.752Z</time>
      </trkpt>
      <trkpt lat="42.842131" lon="0.207743">
        <ele>2098.6</ele>
        <time>2025-07-06T19:53:53.272Z</time>
      </trkpt>
      <trkpt lat="42.842258" lon="0.208019">
        <ele>2103.5</ele>
        <time>2025-07-06T19:55:06.157Z</time>
      </trkpt>
      <trkpt lat="42.842604" lon="0.208383">
        <ele>2112.4</ele>
        <time>2025-07-06T19:57:20.148Z</time>
      </trkpt>
      <trkpt lat="42.842302" lon="0.208412">
        <ele>2114.7</ele>
        <time>2025-07-06T19:58:12.715Z</time>
      </trkpt>
      <trkpt lat="42.841831" lon="0.208322">
        <ele>2114.5</ele>
        <time>2025-07-06T19:58:59.449Z</time>
      </trkpt>
      <trkpt lat="42.841620" lon="0.208123">
        <ele>2112.6</ele>
        <time>2025-07-06T19:59:35.409Z</time>
      </trkpt>
      <trkpt lat="42.841314" lon="0.208053">
        <ele>2112.9</ele>
        <time>2025-07-06T20:00:08.066Z</time>
      </trkpt>
      <trkpt lat="42.840595" lon="0.207838">
        <ele>2115.9</ele>
        <time>2025-07-06T20:01:49.650Z</time>
      </trkpt>
      <trkpt lat="42.840321" lon="0.208022">
        <ele>2121.3</ele>
        <time>2025-07-06T20:03:14.753Z</time>
      </trkpt>
      <trkpt lat="42.839672" lon="0.208048">
        <ele>2131.8</ele>
        <time>2025-07-06T20:06:05.210Z</time>
      </trkpt>
      <trkpt lat="42.839441" lon="0.208146">
        <ele>2135.0</ele>
        <time>2025-07-06T20:07:01.105Z</time>
      </trkpt>
      <trkpt lat="42.839183" lon="0.208177">
        <ele>2138.6</ele>
        <time>2025-07-06T20:08:02.949Z</time>
      </trkpt>
      <trkpt lat="42.838966" lon="0.208121">
        <ele>2139.1</ele>
        <time>2025-07-06T20:08:29.897Z</time>
      </trkpt>
      <trkpt lat="42.838647" lon="0.208292">
        <ele>2139.9</ele>
        <time>2025-07-06T20:09:11.280Z</time>
      </trkpt>
      <trkpt lat="42.838418" lon="0.208338">
        <ele>2137.6</ele>
        <time>2025-07-06T20:09:47.457Z</time>
      </trkpt>
      <trkpt lat="42.838193" lon="0.208311">
        <ele>2135.3</ele>
        <time>2025-07-06T20:10:22.785Z</time>
      </trkpt>
      <trkpt lat="42.837913" lon="0.208256">
        <ele>2130.2</ele>
        <time>2025-07-06T20:11:20.619Z</time>
      </trkpt>
      <trkpt lat="42.837659" lon="0.208294">
        <ele>2126.7</ele>
        <time>2025-07-06T20:12:06.321Z</time>
      </trkpt>
      <trkpt lat="42.837427" lon="0.208438">
        <ele>2126.7</ele>
        <time>2025-07-06T20:12:30.926Z</time>
      </trkpt>
      <trkpt lat="42.837203" lon="0.208554">
        <ele>2126.6</ele>
        <time>2025-07-06T20:12:54.514Z</time>
      </trkpt>
      <trkpt lat="42.837013" lon="0.208717">
        <ele>2126.4</ele>
        <time>2025-07-06T20:13:17.317Z</time>
      </trkpt>
      <trkpt lat="42.836776" lon="0.208698">
        <ele>2124.1</ele>
        <time>2025-07-06T20:13:54.198Z</time>
      </trkpt>
      <trkpt lat="42.836537" lon="0.208662">
        <ele>2119.8</ele>
        <time>2025-07-06T20:14:43.286Z</time>
      </trkpt>
      <trkpt lat="42.836188" lon="0.208648">
        <ele>2115.7</ele>
        <time>2025-07-06T20:15:41.336Z</time>
      </trkpt>
      <trkpt lat="42.835946" lon="0.208650">
        <ele>2113.9</ele>
        <time>2025-07-06T20:16:15.309Z</time>
      </trkpt>
      <trkpt lat="42.835664" lon="0.208734">
        <ele>2114.8</ele>
        <time>2025-07-06T20:16:51.796Z</time>
      </trkpt>
      <trkpt lat="42.835419" lon="0.208825">
        <ele>2115.6</ele>
        <time>2025-07-06T20:17:24.433Z</time>
      </trkpt>
      <trkpt lat="42.835152" lon="0.208902">
        <ele>2116.6</ele>
        <time>2025-07-06T20:18:01.761Z</time>
      </trkpt>
      <trkpt lat="42.834893" lon="0.208922">
        <ele>2110.9</ele>
        <time>2025-07-06T20:19:03.373Z</time>
      </trkpt>
      <trkpt lat="42.834669" lon="0.208945">
        <ele>2102.9</ele>
        <time>2025-07-06T20:20:13.141Z</time>
      </trkpt>
      <trkpt lat="42.834431" lon="0.208886">
        <ele>2100.5</ele>
        <time>2025-07-06T20:20:51.286Z</time>
      </trkpt>
      <trkpt lat="42.834232" lon="0.209101">
        <ele>2100.1</ele>
        <time>2025-07-06T20:21:18.806Z</time>
      </trkpt>
      <trkpt lat="42.833961" lon="0.209263">
        <ele>2103.1</ele>
        <time>2025-07-06T20:22:18.897Z</time>
      </trkpt>
      <trkpt lat="42.833703" lon="0.209427">
        <ele>2108.1</ele>
        <time>2025-07-06T20:23:37.402Z</time>
      </trkpt>
      <trkpt lat="42.833517" lon="0.209624">
        <ele>2114.6</ele>
        <time>2025-07-06T20:25:07.757Z</time>
      </trkpt>
      <trkpt lat="42.833257" lon="0.209670">
        <ele>2115.1</ele>
        <time>2025-07-06T20:25:38.117Z</time>
      </trkpt>
      <trkpt lat="42.832986" lon="0.209671">
        <ele>2112.2</ele>
        <time>2025-07-06T20:26:21.111Z</time>
      </trkpt>
      <trkpt lat="42.832757" lon="0.209738">
        <ele>2114.2</ele>
        <time>2025-07-06T20:27:03.342Z</time>
      </trkpt>
      <trkpt lat="42.832520" lon="0.209852">
        <ele>2116.3</ele>
        <time>2025-07-06T20:27:49.028Z</time>
      </trkpt>
      <trkpt lat="42.832297" lon="0.209997">
        <ele>2118.2</ele>
        <time>2025-07-06T20:28:33.006Z</time>
      </trkpt>
      <trkpt lat="42.832079" lon="0.210157">
        <ele>2120.3</ele>
        <time>2025-07-06T20:29:17.490Z</time>
      </trkpt>
      <trkpt lat="42.831875" lon="0.210438">
        <ele>2123.0</ele>
        <time>2025-07-06T20:30:13.545Z</time>
      </trkpt>
      <trkpt lat="42.831694" lon="0.210660">
        <ele>2125.8</ele>
        <time>2025-07-06T20:31:05.309Z</time>
      </trkpt>
      <trkpt lat="42.831644" lon="0.210971">
        <ele>2130.3</ele>
        <time>2025-07-06T20:32:14.723Z</time>
      </trkpt>
      <trkpt lat="42.831648" lon="0.211296">
        <ele>2134.8</ele>
        <time>2025-07-06T20:33:24.098Z</time>
      </trkpt>
      <trkpt lat="42.831652" lon="0.211976">
        <ele>2143.3</ele>
        <time>2025-07-06T20:35:39.059Z</time>
      </trkpt>
      <trkpt lat="42.831491" lon="0.212255">
        <ele>2140.4</ele>
        <time>2025-07-06T20:36:23.215Z</time>
      </trkpt>
      <trkpt lat="42.831224" lon="0.212469">
        <ele>2138.2</ele>
        <time>2025-07-06T20:37:05.527Z</time>
      </trkpt>
      <trkpt lat="42.831111" lon="0.212837">
        <ele>2138.4</ele>
        <time>2025-07-06T20:37:35.998Z</time>
      </trkpt>
      <trkpt lat="42.831042" lon="0.213148">
        <ele>2139.7</ele>
        <time>2025-07-06T20:38:11.622Z</time>
      </trkpt>
      <trkpt lat="42.831205" lon="0.213750">
        <ele>2147.4</ele>
        <time>2025-07-06T20:40:15.821Z</time>
      </trkpt>
      <trkpt lat="42.831274" lon="0.214099">
        <ele>2148.1</ele>
        <time>2025-07-06T20:40:48.446Z</time>
      </trkpt>
      <trkpt lat="42.831350" lon="0.214407">
        <ele>2148.8</ele>
        <time>2025-07-06T20:41:19.741Z</time>
      </trkpt>
      <trkpt lat="42.831454" lon="0.214874">
        <ele>2149.7</ele>
        <time>2025-07-06T20:42:04.276Z</time>
      </trkpt>
      <trkpt lat="42.831539" lon="0.215186">
        <ele>2150.0</ele>
        <time>2025-07-06T20:42:30.260Z</time>
      </trkpt>
      <trkpt lat="42.831589" lon="0.215673">
        <ele>2150.0</ele>
        <time>2025-07-06T20:43:04.874Z</time>
      </trkpt>
      <trkpt lat="42.831630" lon="0.216034">
        <ele>2147.8</ele>
        <time>2025-07-06T20:43:43.427Z</time>
      </trkpt>
      <trkpt lat="42.831570" lon="0.216413">
        <ele>2145.5</ele>
        <time>2025-07-06T20:44:24.336Z</time>
      </trkpt>
      <trkpt lat="42.831584" lon="0.217008">
        <ele>2141.5</ele>
        <time>2025-07-06T20:45:30.074Z</time>
      </trkpt>
      <trkpt lat="42.831799" lon="0.217886">
        <ele>2139.2</ele>
        <time>2025-07-06T20:46:49.059Z</time>
      </trkpt>
      <trkpt lat="42.831874" lon="0.218556">
        <ele>2138.8</ele>
        <time>2025-07-06T20:47:38.875Z</time>
      </trkpt>
      <trkpt lat="42.831924" lon="0.218945">
        <ele>2139.7</ele>
        <time>2025-07-06T20:48:16.540Z</time>
      </trkpt>
      <trkpt lat="42.832006" lon="0.219517">
        <ele>2142.2</ele>
        <time>2025-07-06T20:49:23.119Z</time>
      </trkpt>
      <trkpt lat="42.832106" lon="0.219821">
        <ele>2144.3</ele>
        <time>2025-07-06T20:50:07.158Z</time>
      </trkpt>
      <trkpt lat="42.832121" lon="0.220133">
        <ele>2144.6</ele>
        <time>2025-07-06T20:50:33.052Z</time>
      </trkpt>
      <trkpt lat="42.832113" lon="0.220500">
        <ele>2145.3</ele>
        <time>2025-07-06T20:51:07.366Z</time>
      </trkpt>
      <trkpt lat="42.832250" lon="0.220978">
        <ele>2148.8</ele>
        <time>2025-07-06T20:52:21.119Z</time>
      </trkpt>
      <trkpt lat="42.832382" lon="0.221255">
        <ele>2151.9</ele>
        <time>2025-07-06T20:53:16.901Z</time>
      </trkpt>
      <trkpt lat="42.832398" lon="0.221652">
        <ele>2155.8</ele>
        <time>2025-07-06T20:54:24.080Z</time>
      </trkpt>
      <trkpt lat="42.832364" lon="0.222021">
        <ele>2156.3</ele>
        <time>2025-07-06T20:54:56.235Z</time>
      </trkpt>
      <trkpt lat="42.832350" lon="0.222419">
        <ele>2156.9</ele>
        <time>2025-07-06T20:55:30.221Z</time>
      </trkpt>
      <trkpt lat="42.832411" lon="0.222753">
        <ele>2157.5</ele>
        <time>2025-07-06T20:55:59.958Z</time>
      </trkpt>
      <trkpt lat="42.832478" lon="0.223049">
        <ele>2158.0</ele>
        <time>2025-07-06T20:56:26.793Z</time>
      </trkpt>
      <trkpt lat="42.832616" lon="0.223346">
        <ele>2157.2</ele>
        <time>2025-07-06T20:56:55.722Z</time>
      </trkpt>
      <trkpt lat="42.832749" lon="0.223597">
        <ele>2156.6</ele>
        <time>2025-07-06T20:57:21.041Z</time>
      </trkpt>
      <trkpt lat="42.832974" lon="0.223945">
        <ele>2155.2</ele>
        <time>2025-07-06T20:58:02.523Z</time>
      </trkpt>
      <trkpt lat="42.833131" lon="0.224293">
        <ele>2153.6</ele>
        <time>2025-07-06T20:58:41.083Z</time>
      </trkpt>
      <trkpt lat="42.833215" lon="0.224605">
        <ele>2152.2</ele>
        <time>2025-07-06T20:59:12.898Z</time>
      </trkpt>
      <trkpt lat="42.833416" lon="0.224905">
        <ele>2152.2</ele>
        <time>2025-07-06T20:59:42.091Z</time>
      </trkpt>
      <trkpt lat="42.833626" lon="0.225133">
        <ele>2153.0</ele>
        <time>2025-07-06T21:00:17.070Z</time>
      </trkpt>
      <trkpt lat="42.833822" lon="0.225417">
        <ele>2152.8</ele>
        <time>2025-07-06T21:00:45.655Z</time>
      </trkpt>
      <trkpt lat="42.834073" lon="0.225607">
        <ele>2152.6</ele>
        <time>2025-07-06T21:01:14.535Z</time>
      </trkpt>
      <trkpt lat="42.834543" lon="0.225668">
        <ele>2155.7</ele>
        <time>2025-07-06T21:02:31.517Z</time>
      </trkpt>
      <trkpt lat="42.834734" lon="0.225862">
        <ele>2155.5</ele>
        <time>2025-07-06T21:02:56.989Z</time>
      </trkpt>
      <trkpt lat="42.834780" lon="0.226178">
        <ele>2155.3</ele>
        <time>2025-07-06T21:03:23.449Z</time>
      </trkpt>
      <trkpt lat="42.834632" lon="0.226577">
        <ele>2153.2</ele>
        <time>2025-07-06T21:04:07.373Z</time>
      </trkpt>
      <trkpt lat="42.834602" lon="0.226934">
        <ele>2153.1</ele>
        <time>2025-07-06T21:04:33.424Z</time>
      </trkpt>
      <trkpt lat="42.834560" lon="0.227323">
        <ele>2155.1</ele>
        <time>2025-07-06T21:05:21.793Z</time>
      </trkpt>
      <trkpt lat="42.834378" lon="0.227848">
        <ele>2158.9</ele>
        <time>2025-07-06T21:06:40.981Z</time>
      </trkpt>
      <trkpt lat="42.834329" lon="0.228199">
        <ele>2161.7</ele>
        <time>2025-07-06T21:07:35.230Z</time>
      </trkpt>
      <trkpt lat="42.834294" lon="0.228641">
        <ele>2165.7</ele>
        <time>2025-07-06T21:08:47.310Z</time>
      </trkpt>
      <trkpt lat="42.834305" lon="0.228964">
        <ele>2167.6</ele>
        <time>2025-07-06T21:09:29.530Z</time>
      </trkpt>
      <trkpt lat="42.834181" lon="0.229095">
        <ele>2169.4</ele>
        <time>2025-07-06T21:10:10.026Z</time>
      </trkpt>
      <trkpt lat="42.833999" lon="0.229273">
        <ele>2170.7</ele>
        <time>2025-07-06T21:10:45.578Z</time>
      </trkpt>
      <trkpt lat="42.833797" lon="0.229415">
        <ele>2171.9</ele>
        <time>2025-07-06T21:11:19.958Z</time>
      </trkpt>
      <trkpt lat="42.833436" lon="0.229418">
        <ele>2173.6</ele>
        <time>2025-07-06T21:12:11.261Z</time>
      </trkpt>
      <trkpt lat="42.833181" lon="0.229431">
        <ele>2174.5</ele>
        <time>2025-07-06T21:12:45.684Z</time>
      </trkpt>
      <trkpt lat="42.832937" lon="0.229450">
        <ele>2174.3</ele>
        <time>2025-07-06T21:13:10.647Z</time>
      </trkpt>
      <trkpt lat="42.832519" lon="0.229428">
        <ele>2173.8</ele>
        <time>2025-07-06T21:13:53.186Z</time>
      </trkpt>
      <trkpt lat="42.832243" lon="0.229411">
        <ele>2173.7</ele>
        <time>2025-07-06T21:14:20.715Z</time>
      </trkpt>
      <trkpt lat="42.831951" lon="0.229442">
        <ele>2173.5</ele>
        <time>2025-07-06T21:14:49.700Z</time>
      </trkpt>
      <trkpt lat="42.831713" lon="0.229443">
        <ele>2175.6</ele>
        <time>2025-07-06T21:15:33.602Z</time>
      </trkpt>
      <trkpt lat="42.831492" lon="0.229534">
        <ele>2177.6</ele>
        <time>2025-07-06T21:16:16.258Z</time>
      </trkpt>
      <trkpt lat="42.831257" lon="0.229631">
        <ele>2181.7</ele>
        <time>2025-07-06T21:17:22.563Z</time>
      </trkpt>
      <trkpt lat="42.831159" lon="0.229926">
        <ele>2185.9</ele>
        <time>2025-07-06T21:18:29.962Z</time>
      </trkpt>
      <trkpt lat="42.831238" lon="0.230309">
        <ele>2191.1</ele>
        <time>2025-07-06T21:19:51.115Z</time>
      </trkpt>
      <trkpt lat="42.831279" lon="0.230629">
        <ele>2195.3</ele>
        <time>2025-07-06T21:20:56.911Z</time>
      </trkpt>
      <trkpt lat="42.831318" lon="0.231083">
        <ele>2195.7</ele>
        <time>2025-07-06T21:21:33.718Z</time>
      </trkpt>
      <trkpt lat="42.831283" lon="0.231493">
        <ele>2196.0</ele>
        <time>2025-07-06T21:22:05.354Z</time>
      </trkpt>
      <trkpt lat="42.831304" lon="0.231811">
        <ele>2196.1</ele>
        <time>2025-07-06T21:22:28.149Z</time>
      </trkpt>
      <trkpt lat="42.831317" lon="0.232103">
        <ele>2196.1</ele>
        <time>2025-07-06T21:22:49.097Z</time>
      </trkpt>
    </trkseg>
  </trk>
</gpx>
